jobID,  modelID,  status,  completionReason,  startTime,  endTime,  runtime(s),  expDesc,  numRecords,  modelParams|sensorParams|encoders|timestamp_weekend:radius,  modelParams|sensorParams|encoders|hourly_traffic_count:n,  modelParams|clParams|alpha,  modelParams|tpParams|minThreshold,  modelParams|tpParams|activationThreshold,  modelParams|sensorParams|encoders|timestamp_timeOfDay:radius,  modelParams|tpParams|pamLength,  modelParams|sensorParams|encoders|timestamp_dayOfWeek:radius,  modelParams|sensorParams|encoders|_classifierInput|n,  modelParams|spParams|synPermInactiveDec,  multiStepBestPredictions:multiStep:errorMetric='aae':steps=[1]:window=1000:field=hourly_traffic_count,  multiStepBestPredictions:multiStep:errorMetric='altMAPE':steps=[1]:window=1000:field=hourly_traffic_count, 
1015,  10258,  completed,  eof,  2014-08-08 05:47:19,  2014-08-08 05:47:56,  37,  modelParams|sensorParams|encoders|hourly_traffic_count:n_272.modelParams|clParams|alpha_0.05005.modelParams|tpParams|minThreshold_11.modelParams|tpParams|activationThreshold_14.modelParams|tpParams|pamLength_3.modelParams|sensorParams|encoders|_classifierInput|n_275.modelParams|spParams|synPermInactiveDec_0.05015,  3034,  None,  272,  0.05005,  11,  14,  None,  3,  None,  275,  0.05015,  71.8432839293,  29.7588762766, 
1015,  10290,  completed,  eof,  2014-08-08 05:47:20,  2014-08-08 05:47:45,  25,  modelParams|clParams|alpha_0.05005.modelParams|tpParams|minThreshold_11.modelParams|tpParams|activationThreshold_14.modelParams|tpParams|pamLength_3.modelParams|sensorParams|encoders|timestamp_dayOfWeek:radius_3.5.modelParams|sensorParams|encoders|_classifierInput|n_275.modelParams|spParams|synPermInactiveDec_0.05015,  3034,  None,  None,  0.05005,  11,  14,  None,  3,  3.5,  275,  0.05015,  131.218564091,  54.3532645003, 
1015,  10338,  completed,  eof,  2014-08-08 05:47:20,  2014-08-08 05:47:40,  20,  modelParams|sensorParams|encoders|timestamp_timeOfDay:radius_6.25.modelParams|clParams|alpha_0.05005.modelParams|tpParams|minThreshold_11.modelParams|tpParams|activationThreshold_14.modelParams|tpParams|pamLength_3.modelParams|sensorParams|encoders|_classifierInput|n_275.modelParams|spParams|synPermInactiveDec_0.05015,  3034,  None,  None,  0.05005,  11,  14,  6.25,  3,  None,  275,  0.05015,  43.1676524847,  17.8808756947, 
1015,  10387,  completed,  eof,  2014-08-08 05:47:20,  2014-08-08 05:47:44,  24,  modelParams|sensorParams|encoders|timestamp_weekend:radius_1.modelParams|clParams|alpha_0.05005.modelParams|tpParams|minThreshold_11.modelParams|tpParams|activationThreshold_14.modelParams|tpParams|pamLength_3.modelParams|sensorParams|encoders|_classifierInput|n_275.modelParams|spParams|synPermInactiveDec_0.05015,  3034,  1,  None,  0.05005,  11,  14,  None,  3,  None,  275,  0.05015,  195.209429594,  80.8595173492, 
1015,  10402,  completed,  eof,  2014-08-08 05:47:20,  2014-08-08 05:47:40,  20,  modelParams|sensorParams|encoders|hourly_traffic_count:n_22.modelParams|clParams|alpha_0.0001.modelParams|tpParams|minThreshold_9.modelParams|tpParams|activationThreshold_12.modelParams|tpParams|pamLength_1.modelParams|sensorParams|encoders|_classifierInput|n_28.modelParams|spParams|synPermInactiveDec_0.1,  3034,  None,  22,  0.0001,  9,  12,  None,  1,  None,  28,  0.1,  161.145625548,  66.7496315719, 
1015,  10453,  completed,  eof,  2014-08-08 05:47:20,  2014-08-08 05:47:41,  21,  modelParams|clParams|alpha_0.0001.modelParams|tpParams|minThreshold_9.modelParams|tpParams|activationThreshold_12.modelParams|tpParams|pamLength_1.modelParams|sensorParams|encoders|timestamp_dayOfWeek:radius_1.0.modelParams|sensorParams|encoders|_classifierInput|n_28.modelParams|spParams|synPermInactiveDec_0.1,  3034,  None,  None,  0.0001,  9,  12,  None,  1,  1.0,  28,  0.1,  152.037839097,  62.9770104537, 
1015,  10494,  completed,  eof,  2014-08-08 05:47:20,  2014-08-08 05:47:46,  26,  modelParams|sensorParams|encoders|timestamp_timeOfDay:radius_0.5.modelParams|clParams|alpha_0.0001.modelParams|tpParams|minThreshold_9.modelParams|tpParams|activationThreshold_12.modelParams|tpParams|pamLength_1.modelParams|sensorParams|encoders|_classifierInput|n_28.modelParams|spParams|synPermInactiveDec_0.1,  3034,  None,  None,  0.0001,  9,  12,  0.5,  1,  None,  28,  0.1,  60.2780829769,  24.9683465926, 
1015,  10525,  completed,  eof,  2014-08-08 05:47:20,  2014-08-08 05:47:41,  21,  modelParams|sensorParams|encoders|timestamp_weekend:radius_1.modelParams|clParams|alpha_0.0001.modelParams|tpParams|minThreshold_9.modelParams|tpParams|activationThreshold_12.modelParams|tpParams|pamLength_1.modelParams|sensorParams|encoders|_classifierInput|n_28.modelParams|spParams|synPermInactiveDec_0.1,  3034,  1,  None,  0.0001,  9,  12,  None,  1,  None,  28,  0.1,  165.581164768,  68.586917615, 
1015,  10546,  completed,  eof,  2014-08-08 05:47:20,  2014-08-08 05:48:11,  51,  modelParams|sensorParams|encoders|hourly_traffic_count:n_521.modelParams|clParams|alpha_0.1.modelParams|tpParams|minThreshold_12.modelParams|tpParams|activationThreshold_16.modelParams|tpParams|pamLength_5.modelParams|sensorParams|encoders|_classifierInput|n_521.modelParams|spParams|synPermInactiveDec_0.0003,  3034,  None,  521,  0.1,  12,  16,  None,  5,  None,  521,  0.0003,  74.7392811571,  30.9584542814, 
1015,  10557,  completed,  eof,  2014-08-08 05:47:21,  2014-08-08 05:48:00,  39,  modelParams|clParams|alpha_0.1.modelParams|tpParams|minThreshold_12.modelParams|tpParams|activationThreshold_16.modelParams|tpParams|pamLength_5.modelParams|sensorParams|encoders|timestamp_dayOfWeek:radius_6.0.modelParams|sensorParams|encoders|_classifierInput|n_521.modelParams|spParams|synPermInactiveDec_0.0003,  3034,  None,  None,  0.1,  12,  16,  None,  5,  6.0,  521,  0.0003,  166.660824287,  69.0341334476, 
1015,  10558,  completed,  eof,  2014-08-08 05:47:40,  2014-08-08 05:48:10,  30,  modelParams|sensorParams|encoders|timestamp_timeOfDay:radius_12.0.modelParams|clParams|alpha_0.1.modelParams|tpParams|minThreshold_12.modelParams|tpParams|activationThreshold_16.modelParams|tpParams|pamLength_5.modelParams|sensorParams|encoders|_classifierInput|n_521.modelParams|spParams|synPermInactiveDec_0.0003,  3034,  None,  None,  0.1,  12,  16,  12.0,  5,  None,  521,  0.0003,  47.0527838107,  19.490172154, 
1015,  10569,  completed,  eof,  2014-08-08 05:47:40,  2014-08-08 05:48:08,  28,  modelParams|sensorParams|encoders|timestamp_weekend:radius_1.modelParams|clParams|alpha_0.1.modelParams|tpParams|minThreshold_12.modelParams|tpParams|activationThreshold_16.modelParams|tpParams|pamLength_5.modelParams|sensorParams|encoders|_classifierInput|n_521.modelParams|spParams|synPermInactiveDec_0.0003,  3034,  1,  None,  0.1,  12,  16,  None,  5,  None,  521,  0.0003,  174.163134856,  72.1417354366, 
1015,  10570,  completed,  eof,  2014-08-08 05:47:41,  2014-08-08 05:48:14,  33,  modelParams|sensorParams|encoders|hourly_traffic_count:n_147.modelParams|clParams|alpha_0.025075.modelParams|tpParams|minThreshold_10.modelParams|tpParams|activationThreshold_13.modelParams|tpParams|pamLength_2.modelParams|sensorParams|encoders|_classifierInput|n_151.modelParams|spParams|synPermInactiveDec_0.075075,  3034,  None,  147,  0.025075,  10,  13,  None,  2,  None,  151,  0.075075,  67.2142720229,  27.8414501085, 
1015,  10571,  completed,  eof,  2014-08-08 05:47:41,  2014-08-08 05:48:05,  24,  modelParams|clParams|alpha_0.025075.modelParams|tpParams|minThreshold_10.modelParams|tpParams|activationThreshold_13.modelParams|tpParams|pamLength_2.modelParams|sensorParams|encoders|timestamp_dayOfWeek:radius_4.75.modelParams|sensorParams|encoders|_classifierInput|n_151.modelParams|spParams|synPermInactiveDec_0.075075,  3034,  None,  None,  0.025075,  10,  13,  None,  2,  4.75,  151,  0.075075,  167.692261882,  69.4613748278, 
1015,  10572,  completed,  eof,  2014-08-08 05:47:44,  2014-08-08 05:48:05,  21,  modelParams|sensorParams|encoders|timestamp_timeOfDay:radius_9.125.modelParams|clParams|alpha_0.025075.modelParams|tpParams|minThreshold_10.modelParams|tpParams|activationThreshold_13.modelParams|tpParams|pamLength_2.modelParams|sensorParams|encoders|_classifierInput|n_151.modelParams|spParams|synPermInactiveDec_0.075075,  3034,  None,  None,  0.025075,  10,  13,  9.125,  2,  None,  151,  0.075075,  55.3207713188,  22.9149323244, 
1015,  10573,  completed,  eof,  2014-08-08 05:47:45,  2014-08-08 05:48:07,  22,  modelParams|sensorParams|encoders|timestamp_weekend:radius_1.modelParams|clParams|alpha_0.025075.modelParams|tpParams|minThreshold_10.modelParams|tpParams|activationThreshold_13.modelParams|tpParams|pamLength_2.modelParams|sensorParams|encoders|_classifierInput|n_151.modelParams|spParams|synPermInactiveDec_0.075075,  3034,  1,  None,  0.025075,  10,  13,  None,  2,  None,  151,  0.075075,  195.347065145,  80.9165286536, 
1015,  10574,  completed,  eof,  2014-08-08 05:47:46,  2014-08-08 05:48:32,  46,  modelParams|sensorParams|encoders|hourly_traffic_count:n_396.modelParams|clParams|alpha_0.075025.modelParams|tpParams|minThreshold_11.modelParams|tpParams|activationThreshold_15.modelParams|tpParams|pamLength_4.modelParams|sensorParams|encoders|_classifierInput|n_398.modelParams|spParams|synPermInactiveDec_0.025225,  3034,  None,  396,  0.075025,  11,  15,  None,  4,  None,  398,  0.025225,  73.7643402436,  30.5546149184, 
1015,  10575,  completed,  eof,  2014-08-08 05:47:56,  2014-08-08 05:48:21,  25,  modelParams|clParams|alpha_0.075025.modelParams|tpParams|minThreshold_11.modelParams|tpParams|activationThreshold_15.modelParams|tpParams|pamLength_4.modelParams|sensorParams|encoders|timestamp_dayOfWeek:radius_2.25.modelParams|sensorParams|encoders|_classifierInput|n_398.modelParams|spParams|synPermInactiveDec_0.025225,  3034,  None,  None,  0.075025,  11,  15,  None,  4,  2.25,  398,  0.025225,  34.6377453042,  14.3476233356, 
1015,  10576,  completed,  eof,  2014-08-08 05:48:01,  2014-08-08 05:48:21,  20,  modelParams|sensorParams|encoders|timestamp_timeOfDay:radius_3.375.modelParams|clParams|alpha_0.075025.modelParams|tpParams|minThreshold_11.modelParams|tpParams|activationThreshold_15.modelParams|tpParams|pamLength_4.modelParams|sensorParams|encoders|_classifierInput|n_398.modelParams|spParams|synPermInactiveDec_0.025225,  3034,  None,  None,  0.075025,  11,  15,  3.375,  4,  None,  398,  0.025225,  43.1554910977,  17.8758382133, 
1015,  10577,  completed,  eof,  2014-08-08 05:48:05,  2014-08-08 05:48:32,  27,  modelParams|sensorParams|encoders|timestamp_weekend:radius_1.modelParams|clParams|alpha_0.075025.modelParams|tpParams|minThreshold_11.modelParams|tpParams|activationThreshold_15.modelParams|tpParams|pamLength_4.modelParams|sensorParams|encoders|_classifierInput|n_398.modelParams|spParams|synPermInactiveDec_0.025225,  3034,  1,  None,  0.075025,  11,  15,  None,  4,  None,  398,  0.025225,  184.608059138,  76.4682248786, 
1015,  10578,  completed,  eof,  2014-08-08 05:48:05,  2014-08-08 05:48:43,  38,  modelParams|sensorParams|encoders|hourly_traffic_count:n_296.modelParams|clParams|alpha_0.055045.modelParams|tpParams|minThreshold_11.modelParams|tpParams|activationThreshold_14.modelParams|tpParams|pamLength_3.modelParams|sensorParams|encoders|_classifierInput|n_299.modelParams|spParams|synPermInactiveDec_0.055135,  3034,  None,  296,  0.055045,  11,  14,  None,  3,  None,  299,  0.055135,  69.4665817812,  28.7744003269, 
1015,  10579,  completed,  eof,  2014-08-08 05:48:07,  2014-08-08 05:48:32,  25,  modelParams|clParams|alpha_0.055045.modelParams|tpParams|minThreshold_11.modelParams|tpParams|activationThreshold_14.modelParams|tpParams|pamLength_3.modelParams|sensorParams|encoders|timestamp_dayOfWeek:radius_3.75.modelParams|sensorParams|encoders|_classifierInput|n_299.modelParams|spParams|synPermInactiveDec_0.055135,  3034,  None,  None,  0.055045,  11,  14,  None,  3,  3.75,  299,  0.055135,  127.082536164,  52.6400418211, 
1015,  10580,  completed,  eof,  2014-08-08 05:48:08,  2014-08-08 05:48:29,  21,  modelParams|sensorParams|encoders|timestamp_timeOfDay:radius_6.825.modelParams|clParams|alpha_0.055045.modelParams|tpParams|minThreshold_11.modelParams|tpParams|activationThreshold_14.modelParams|tpParams|pamLength_3.modelParams|sensorParams|encoders|_classifierInput|n_299.modelParams|spParams|synPermInactiveDec_0.055135,  3034,  None,  None,  0.055045,  11,  14,  6.825,  3,  None,  299,  0.055135,  43.1659709503,  17.8801791707, 
1015,  10581,  completed,  eof,  2014-08-08 05:48:10,  2014-08-08 05:48:31,  21,  modelParams|sensorParams|encoders|timestamp_weekend:radius_1.modelParams|clParams|alpha_0.00958991421899.modelParams|tpParams|minThreshold_9.modelParams|tpParams|activationThreshold_12.modelParams|tpParams|pamLength_1.modelParams|sensorParams|encoders|_classifierInput|n_80.modelParams|spParams|synPermInactiveDec_0.0955441272355,  3034,  1,  None,  0.00958991421899,  9,  12,  None,  1,  None,  80,  0.0955441272355,  177.395640663,  73.4807017964, 
1015,  10582,  completed,  eof,  2014-08-08 05:48:12,  2014-08-08 05:48:46,  34,  modelParams|sensorParams|encoders|hourly_traffic_count:n_200.modelParams|clParams|alpha_0.0495147505482.modelParams|tpParams|minThreshold_11.modelParams|tpParams|activationThreshold_13.modelParams|tpParams|pamLength_2.modelParams|sensorParams|encoders|_classifierInput|n_251.modelParams|spParams|synPermInactiveDec_0.0511701772453,  3034,  None,  200,  0.0495147505482,  11,  13,  None,  2,  None,  251,  0.0511701772453,  70.3127534222,  29.1249009694, 
1015,  10583,  completed,  eof,  2014-08-08 05:48:14,  2014-08-08 05:48:37,  23,  modelParams|clParams|alpha_0.0355647148893.modelParams|tpParams|minThreshold_11.modelParams|tpParams|activationThreshold_14.modelParams|tpParams|pamLength_2.modelParams|sensorParams|encoders|timestamp_dayOfWeek:radius_2.77979721944.modelParams|sensorParams|encoders|_classifierInput|n_300.modelParams|spParams|synPermInactiveDec_0.0511701772453,  3034,  None,  None,  0.0355647148893,  11,  14,  None,  2,  2.77979721944,  300,  0.0511701772453,  107.568885464,  44.557110681, 
1015,  10584,  completed,  eof,  2014-08-08 05:48:21,  2014-08-08 05:48:40,  19,  modelParams|sensorParams|encoders|timestamp_timeOfDay:radius_4.58252473701.modelParams|clParams|alpha_0.0395247505482.modelParams|tpParams|minThreshold_11.modelParams|tpParams|activationThreshold_13.modelParams|tpParams|pamLength_2.modelParams|sensorParams|encoders|_classifierInput|n_251.modelParams|spParams|synPermInactiveDec_0.0511701772453,  3034,  None,  None,  0.0395247505482,  11,  13,  4.58252473701,  2,  None,  251,  0.0511701772453,  43.1871967417,  17.8889713036, 
1015,  10585,  completed,  eof,  2014-08-08 05:48:21,  2014-08-08 05:48:41,  20,  modelParams|sensorParams|encoders|timestamp_weekend:radius_1.modelParams|clParams|alpha_0.0001.modelParams|tpParams|minThreshold_9.modelParams|tpParams|activationThreshold_12.modelParams|tpParams|pamLength_1.modelParams|sensorParams|encoders|_classifierInput|n_28.modelParams|spParams|synPermInactiveDec_0.095015,  3034,  1,  None,  0.0001,  9,  12,  None,  1,  None,  28,  0.095015,  165.581164768,  68.586917615, 
1015,  10586,  completed,  eof,  2014-08-08 05:48:29,  2014-08-08 05:49:02,  33,  modelParams|sensorParams|encoders|hourly_traffic_count:n_193.modelParams|clParams|alpha_0.0383653741777.modelParams|tpParams|minThreshold_10.modelParams|tpParams|activationThreshold_13.modelParams|tpParams|pamLength_2.modelParams|sensorParams|encoders|_classifierInput|n_175.modelParams|spParams|synPermInactiveDec_0.071052234132,  3034,  None,  193,  0.0383653741777,  10,  13,  None,  2,  None,  175,  0.071052234132,  72.9196299832,  30.204719608, 
1015,  10587,  completed,  eof,  2014-08-08 05:48:31,  2014-08-08 05:48:58,  27,  modelParams|clParams|alpha_0.0747751425553.modelParams|tpParams|minThreshold_11.modelParams|tpParams|activationThreshold_15.modelParams|tpParams|pamLength_4.modelParams|sensorParams|encoders|timestamp_dayOfWeek:radius_3.20530417084.modelParams|sensorParams|encoders|_classifierInput|n_373.modelParams|spParams|synPermInactiveDec_0.0272074113773,  3034,  None,  None,  0.0747751425553,  11,  15,  None,  4,  3.20530417084,  373,  0.0272074113773,  109.541220175,  45.3740898257, 
1015,  10588,  completed,  eof,  2014-08-08 05:48:32,  2014-08-08 05:48:52,  20,  modelParams|sensorParams|encoders|timestamp_timeOfDay:radius_4.43871289448.modelParams|clParams|alpha_0.0727951247259.modelParams|tpParams|minThreshold_11.modelParams|tpParams|activationThreshold_15.modelParams|tpParams|pamLength_4.modelParams|sensorParams|encoders|_classifierInput|n_422.modelParams|spParams|synPermInactiveDec_0.0272074113773,  3034,  None,  None,  0.0727951247259,  11,  15,  4.43871289448,  4,  None,  422,  0.0272074113773,  44.8730338635,  18.5872776112, 
1015,  10589,  completed,  eof,  2014-08-08 05:48:32,  2014-08-08 05:48:54,  22,  modelParams|sensorParams|encoders|timestamp_weekend:radius_1.modelParams|clParams|alpha_0.014084828438.modelParams|tpParams|minThreshold_9.modelParams|tpParams|activationThreshold_12.modelParams|tpParams|pamLength_1.modelParams|sensorParams|encoders|_classifierInput|n_108.modelParams|spParams|synPermInactiveDec_0.086103254471,  3034,  1,  None,  0.014084828438,  9,  12,  None,  1,  None,  108,  0.086103254471,  175.041983122,  72.5057713685, 
1015,  10590,  completed,  eof,  2014-08-08 05:48:32,  2014-08-08 05:49:05,  33,  modelParams|sensorParams|encoders|hourly_traffic_count:n_122.modelParams|clParams|alpha_0.02008.modelParams|tpParams|minThreshold_10.modelParams|tpParams|activationThreshold_13.modelParams|tpParams|pamLength_2.modelParams|sensorParams|encoders|_classifierInput|n_127.modelParams|spParams|synPermInactiveDec_0.07009,  3034,  None,  122,  0.02008,  10,  13,  None,  2,  None,  127,  0.07009,  68.5930642716,  28.4125724973, 
1015,  10591,  completed,  eof,  2014-08-08 05:48:37,  2014-08-08 05:49:01,  24,  modelParams|clParams|alpha_0.0605397148893.modelParams|tpParams|minThreshold_11.modelParams|tpParams|activationThreshold_15.modelParams|tpParams|pamLength_4.modelParams|sensorParams|encoders|timestamp_dayOfWeek:radius_2.47020278056.modelParams|sensorParams|encoders|_classifierInput|n_423.modelParams|spParams|synPermInactiveDec_0.0262451772453,  3034,  None,  None,  0.0605397148893,  11,  15,  None,  4,  2.47020278056,  423,  0.0262451772453,  44.827175002,  18.5682819848, 
1015,  10592,  completed,  eof,  2014-08-08 05:48:40,  2014-08-08 05:49:00,  20,  modelParams|sensorParams|encoders|timestamp_timeOfDay:radius_3.89247526299.modelParams|clParams|alpha_0.0744897505482.modelParams|tpParams|minThreshold_11.modelParams|tpParams|activationThreshold_15.modelParams|tpParams|pamLength_4.modelParams|sensorParams|encoders|_classifierInput|n_374.modelParams|spParams|synPermInactiveDec_0.0262451772453,  3034,  None,  None,  0.0744897505482,  11,  15,  3.89247526299,  4,  None,  374,  0.0262451772453,  43.1391598413,  17.8690734913, 
1015,  10593,  completed,  eof,  2014-08-08 05:48:41,  2014-08-08 05:49:00,  19,  modelParams|sensorParams|encoders|timestamp_weekend:radius_1.modelParams|clParams|alpha_0.00734245710949.modelParams|tpParams|minThreshold_9.modelParams|tpParams|activationThreshold_12.modelParams|tpParams|pamLength_1.modelParams|sensorParams|encoders|_classifierInput|n_28.modelParams|spParams|synPermInactiveDec_0.0902945636177,  3034,  1,  None,  0.00734245710949,  9,  12,  None,  1,  None,  28,  0.0902945636177,  158.903976583,  65.82109726, 
1015,  10594,  completed,  eof,  2014-08-08 05:48:43,  2014-08-08 05:49:16,  33,  modelParams|sensorParams|encoders|hourly_traffic_count:n_170.modelParams|clParams|alpha_0.0356002494518.modelParams|tpParams|minThreshold_9.modelParams|tpParams|activationThreshold_13.modelParams|tpParams|pamLength_2.modelParams|sensorParams|encoders|_classifierInput|n_175.modelParams|spParams|synPermInactiveDec_0.0640848227547,  3034,  None,  170,  0.0356002494518,  9,  13,  None,  2,  None,  175,  0.0640848227547,  70.6873869202,  29.2800814024, 
1015,  10595,  completed,  eof,  2014-08-08 05:48:46,  2014-08-08 05:49:12,  26,  modelParams|clParams|alpha_0.07003.modelParams|tpParams|minThreshold_10.modelParams|tpParams|activationThreshold_15.modelParams|tpParams|pamLength_4.modelParams|sensorParams|encoders|timestamp_dayOfWeek:radius_2.5.modelParams|sensorParams|encoders|_classifierInput|n_373.modelParams|spParams|synPermInactiveDec_0.02024,  3034,  None,  None,  0.07003,  10,  15,  None,  4,  2.5,  373,  0.02024,  115.684193809,  47.9186281921, 
1015,  10596,  completed,  eof,  2014-08-08 05:48:53,  2014-08-08 05:49:13,  20,  modelParams|sensorParams|encoders|timestamp_timeOfDay:radius_2.8.modelParams|clParams|alpha_0.08002.modelParams|tpParams|minThreshold_10.modelParams|tpParams|activationThreshold_15.modelParams|tpParams|pamLength_4.modelParams|sensorParams|encoders|_classifierInput|n_422.modelParams|spParams|synPermInactiveDec_0.02024,  3034,  None,  None,  0.08002,  10,  15,  2.8,  4,  None,  422,  0.02024,  43.1066044261,  17.8555884094, 
1015,  10597,  completed,  eof,  2014-08-08 05:48:54,  2014-08-08 05:49:15,  21,  modelParams|sensorParams|encoders|timestamp_weekend:radius_1.modelParams|clParams|alpha_0.0118373713285.modelParams|tpParams|minThreshold_9.modelParams|tpParams|activationThreshold_12.modelParams|tpParams|pamLength_1.modelParams|sensorParams|encoders|_classifierInput|n_94.modelParams|spParams|synPermInactiveDec_0.0808536908532,  3034,  1,  None,  0.0118373713285,  9,  12,  None,  1,  None,  94,  0.0808536908532,  176.757454474,  73.2163527469, 
1015,  10598,  completed,  killed,  2014-08-08 05:48:58,  2014-08-08 05:49:16,  18,  modelParams|sensorParams|encoders|hourly_traffic_count:n_182.modelParams|clParams|alpha_0.0296418996711.modelParams|tpParams|minThreshold_10.modelParams|tpParams|activationThreshold_13.modelParams|tpParams|pamLength_2.modelParams|sensorParams|encoders|_classifierInput|n_157.modelParams|spParams|synPermInactiveDec_0.0739191791019,  1800,  None,  182,  0.0296418996711,  10,  13,  None,  2,  None,  157,  0.0739191791019,  77.1019501464,  28.1434036766, 
1015,  10599,  completed,  killed,  2014-08-08 05:49:00,  2014-08-08 05:49:13,  13,  modelParams|clParams|alpha_0.0724776359557.modelParams|tpParams|minThreshold_11.modelParams|tpParams|activationThreshold_15.modelParams|tpParams|pamLength_4.modelParams|sensorParams|encoders|timestamp_dayOfWeek:radius_2.59462166834.modelParams|sensorParams|encoders|_classifierInput|n_405.modelParams|spParams|synPermInactiveDec_0.0300743563472,  1500,  None,  None,  0.0724776359557,  11,  15,  None,  4,  2.59462166834,  405,  0.0300743563472,  172.73383475,  59.3656422914, 
1015,  10600,  completed,  eof,  2014-08-08 05:49:00,  2014-08-08 05:49:20,  20,  modelParams|sensorParams|encoders|timestamp_timeOfDay:radius_4.59339234704.modelParams|clParams|alpha_0.0735856612878.modelParams|tpParams|minThreshold_11.modelParams|tpParams|activationThreshold_15.modelParams|tpParams|pamLength_4.modelParams|sensorParams|encoders|_classifierInput|n_380.modelParams|spParams|synPermInactiveDec_0.0309716380021,  3034,  None,  None,  0.0735856612878,  11,  15,  4.59339234704,  4,  None,  380,  0.0309716380021,  43.1589899821,  17.8772875188, 
1015,  10601,  completed,  eof,  2014-08-08 05:49:01,  2014-08-08 05:49:20,  19,  modelParams|sensorParams|encoders|timestamp_weekend:radius_1.modelParams|clParams|alpha_0.0001.modelParams|tpParams|minThreshold_9.modelParams|tpParams|activationThreshold_12.modelParams|tpParams|pamLength_1.modelParams|sensorParams|encoders|_classifierInput|n_28.modelParams|spParams|synPermInactiveDec_0.1,  3034,  1,  None,  0.0001,  9,  12,  None,  1,  None,  28,  0.1,  165.581164768,  68.586917615, 
1015,  10602,  completed,  killed,  2014-08-08 05:49:02,  2014-08-08 05:49:17,  15,  modelParams|sensorParams|encoders|hourly_traffic_count:n_201.modelParams|clParams|alpha_0.0401345518427.modelParams|tpParams|minThreshold_11.modelParams|tpParams|activationThreshold_14.modelParams|tpParams|pamLength_3.modelParams|sensorParams|encoders|_classifierInput|n_206.modelParams|spParams|synPermInactiveDec_0.059987851279,  1300,  None,  201,  0.0401345518427,  11,  14,  None,  3,  None,  206,  0.059987851279,  87.9772685504,  29.756632218, 
1015,  10603,  completed,  killed,  2014-08-08 05:49:05,  2014-08-08 05:49:13,  8,  modelParams|clParams|alpha_0.076393894313.modelParams|tpParams|minThreshold_11.modelParams|tpParams|activationThreshold_15.modelParams|tpParams|pamLength_5.modelParams|sensorParams|encoders|timestamp_dayOfWeek:radius_2.79459415515.modelParams|sensorParams|encoders|_classifierInput|n_466.modelParams|spParams|synPermInactiveDec_0.0161430285243,  750,  None,  None,  0.076393894313,  11,  15,  None,  5,  2.79459415515,  466,  0.0161430285243,  170.160528978,  57.0216526203, 
1015,  10604,  completed,  eof,  2014-08-08 05:49:13,  2014-08-08 05:49:34,  21,  modelParams|sensorParams|encoders|timestamp_timeOfDay:radius_5.04421287865.modelParams|clParams|alpha_0.080474763569.modelParams|tpParams|minThreshold_12.modelParams|tpParams|activationThreshold_16.modelParams|tpParams|pamLength_4.modelParams|sensorParams|encoders|_classifierInput|n_430.modelParams|spParams|synPermInactiveDec_0.0170403101793,  3034,  None,  None,  0.080474763569,  12,  16,  5.04421287865,  4,  None,  430,  0.0170403101793,  44.4971388326,  18.4315746268, 
1015,  10605,  completed,  eof,  2014-08-08 05:49:13,  2014-08-08 05:49:32,  19,  modelParams|sensorParams|encoders|timestamp_weekend:radius_1.modelParams|clParams|alpha_0.00544197090445.modelParams|tpParams|minThreshold_9.modelParams|tpParams|activationThreshold_12.modelParams|tpParams|pamLength_1.modelParams|sensorParams|encoders|_classifierInput|n_28.modelParams|spParams|synPermInactiveDec_0.0911912159626,  3034,  1,  None,  0.00544197090445,  9,  12,  None,  1,  None,  28,  0.0911912159626,  160.330909099,  66.4121602776, 
1015,  10606,  completed,  killed,  2014-08-08 05:49:13,  2014-08-08 05:49:16,  3,  modelParams|sensorParams|encoders|hourly_traffic_count:n_74.modelParams|clParams|alpha_0.0111377966878.modelParams|tpParams|minThreshold_10.modelParams|tpParams|activationThreshold_13.modelParams|tpParams|pamLength_2.modelParams|sensorParams|encoders|_classifierInput|n_64.modelParams|spParams|synPermInactiveDec_0.0922784562852,  400,  None,  74,  0.0111377966878,  10,  13,  None,  2,  None,  64,  0.0922784562852,  78.3026234628,  26.1498098042, 
1015,  10607,  completed,  eof,  2014-08-08 05:49:13,  2014-08-08 05:49:34,  21,  modelParams|sensorParams|encoders|timestamp_timeOfDay:radius_1.22102662368.modelParams|clParams|alpha_0.0724188740238.modelParams|tpParams|minThreshold_10.modelParams|tpParams|activationThreshold_15.modelParams|tpParams|pamLength_4.modelParams|sensorParams|encoders|_classifierInput|n_398.modelParams|spParams|synPermInactiveDec_0.027806181636,  3034,  None,  None,  0.0724188740238,  10,  15,  1.22102662368,  4,  None,  398,  0.027806181636,  43.1554910977,  17.8758382133, 
1015,  10608,  completed,  eof,  2014-08-08 05:49:15,  2014-08-08 05:49:34,  19,  modelParams|sensorParams|encoders|timestamp_weekend:radius_1.modelParams|clParams|alpha_0.00386831321341.modelParams|tpParams|minThreshold_9.modelParams|tpParams|activationThreshold_12.modelParams|tpParams|pamLength_1.modelParams|sensorParams|encoders|_classifierInput|n_28.modelParams|spParams|synPermInactiveDec_0.0894548398546,  3034,  1,  None,  0.00386831321341,  9,  12,  None,  1,  None,  28,  0.0894548398546,  162.278862077,  67.2190400371, 
1015,  10609,  completed,  eof,  2014-08-08 05:49:16,  2014-08-08 05:49:38,  22,  modelParams|sensorParams|encoders|timestamp_timeOfDay:radius_1.69943441579.modelParams|clParams|alpha_0.0917614021716.modelParams|tpParams|minThreshold_10.modelParams|tpParams|activationThreshold_15.modelParams|tpParams|pamLength_4.modelParams|sensorParams|encoders|_classifierInput|n_478.modelParams|spParams|synPermInactiveDec_0.00875595762622,  3034,  None,  None,  0.0917614021716,  10,  15,  1.69943441579,  4,  None,  478,  0.00875595762622,  43.16756906,  17.8808411386, 
1015,  10610,  completed,  eof,  2014-08-08 05:49:17,  2014-08-08 05:49:36,  19,  modelParams|sensorParams|encoders|timestamp_weekend:radius_1.modelParams|clParams|alpha_0.00290932138687.modelParams|tpParams|minThreshold_9.modelParams|tpParams|activationThreshold_12.modelParams|tpParams|pamLength_1.modelParams|sensorParams|encoders|_classifierInput|n_28.modelParams|spParams|synPermInactiveDec_0.0940994545222,  3034,  1,  None,  0.00290932138687,  9,  12,  None,  1,  None,  28,  0.0940994545222,  162.535375936,  67.3252930336, 
1015,  10611,  completed,  eof,  2014-08-08 05:49:17,  2014-08-08 05:49:37,  20,  modelParams|sensorParams|encoders|timestamp_timeOfDay:radius_2.65625.modelParams|clParams|alpha_0.08126875.modelParams|tpParams|minThreshold_10.modelParams|tpParams|activationThreshold_15.modelParams|tpParams|pamLength_4.modelParams|sensorParams|encoders|_classifierInput|n_429.modelParams|spParams|synPermInactiveDec_0.01899375,  3034,  None,  None,  0.08126875,  10,  15,  2.65625,  4,  None,  429,  0.01899375,  43.1384922494,  17.8687969619, 
1015,  10612,  completed,  eof,  2014-08-08 05:49:17,  2014-08-08 05:49:38,  21,  modelParams|sensorParams|encoders|timestamp_weekend:radius_1.modelParams|clParams|alpha_0.0230704195702.modelParams|tpParams|minThreshold_9.modelParams|tpParams|activationThreshold_13.modelParams|tpParams|pamLength_2.modelParams|sensorParams|encoders|_classifierInput|n_105.modelParams|spParams|synPermInactiveDec_0.0728044605472,  3034,  1,  None,  0.0230704195702,  9,  13,  None,  2,  None,  105,  0.0728044605472,  199.391836905,  82.5919512648, 
1015,  10613,  completed,  killed,  2014-08-08 05:49:20,  2014-08-08 05:49:39,  19,  modelParams|sensorParams|encoders|timestamp_weekend:radius_1.modelParams|clParams|alpha_0.00365066246155.modelParams|tpParams|minThreshold_9.modelParams|tpParams|activationThreshold_12.modelParams|tpParams|pamLength_1.modelParams|sensorParams|encoders|_classifierInput|n_28.modelParams|spParams|synPermInactiveDec_0.0939059236305,  2850,  1,  None,  0.00365066246155,  9,  12,  None,  1,  None,  28,  0.0939059236305,  176.134915579,  73.3339365895, 
1015,  10614,  completed,  killed,  2014-08-08 05:49:21,  2014-08-08 05:49:38,  17,  modelParams|sensorParams|encoders|timestamp_timeOfDay:radius_2.58283491736.modelParams|clParams|alpha_0.0839427829769.modelParams|tpParams|minThreshold_10.modelParams|tpParams|activationThreshold_15.modelParams|tpParams|pamLength_4.modelParams|sensorParams|encoders|_classifierInput|n_443.modelParams|spParams|synPermInactiveDec_0.0154919456256,  2550,  None,  None,  0.0839427829769,  10,  15,  2.58283491736,  4,  None,  443,  0.0154919456256,  53.2708114888,  21.6415173974, 
1015,  10615,  completed,  killed,  2014-08-08 05:49:32,  2014-08-08 05:49:38,  6,  modelParams|sensorParams|encoders|timestamp_weekend:radius_1.modelParams|clParams|alpha_0.00850692836481.modelParams|tpParams|minThreshold_9.modelParams|tpParams|activationThreshold_12.modelParams|tpParams|pamLength_1.modelParams|sensorParams|encoders|_classifierInput|n_28.modelParams|spParams|synPermInactiveDec_0.0895084306616,  950,  1,  None,  0.00850692836481,  9,  12,  None,  1,  None,  28,  0.0895084306616,  200.555200786,  67.9062239933, 
1015,  10616,  completed,  killed,  2014-08-08 05:49:34,  2014-08-08 05:49:38,  4,  modelParams|sensorParams|encoders|timestamp_timeOfDay:radius_1.69558028368.modelParams|clParams|alpha_0.0790843733052.modelParams|tpParams|minThreshold_9.modelParams|tpParams|activationThreshold_15.modelParams|tpParams|pamLength_4.modelParams|sensorParams|encoders|_classifierInput|n_416.modelParams|spParams|synPermInactiveDec_0.0213011521794,  400,  None,  None,  0.0790843733052,  9,  15,  1.69558028368,  4,  None,  416,  0.0213011521794,  55.9452170051,  18.6833686975, 
1015,  10617,  completed,  killed,  2014-08-08 05:49:34,  2014-08-08 05:49:38,  4,  modelParams|sensorParams|encoders|timestamp_weekend:radius_1.modelParams|clParams|alpha_0.0044756960952.modelParams|tpParams|minThreshold_9.modelParams|tpParams|activationThreshold_12.modelParams|tpParams|pamLength_1.modelParams|sensorParams|encoders|_classifierInput|n_28.modelParams|spParams|synPermInactiveDec_0.0909734283647,  600,  1,  None,  0.0044756960952,  9,  12,  None,  1,  None,  28,  0.0909734283647,  197.721747146,  67.7947111516, 
1015,  10618,  completed,  killed,  2014-08-08 05:49:35,  2014-08-08 05:49:38,  3,  modelParams|sensorParams|encoders|timestamp_timeOfDay:radius_3.21995362219.modelParams|clParams|alpha_0.0809916047032.modelParams|tpParams|minThreshold_10.modelParams|tpParams|activationThreshold_14.modelParams|tpParams|pamLength_4.modelParams|sensorParams|encoders|_classifierInput|n_427.modelParams|spParams|synPermInactiveDec_0.0182386231171,  300,  None,  None,  0.0809916047032,  10,  14,  3.21995362219,  4,  None,  427,  0.0182386231171,  68.112542699,  23.4567854541, 
1015,  10619,  completed,  killed,  2014-08-08 05:49:36,  2014-08-08 05:49:38,  2,  modelParams|sensorParams|encoders|timestamp_weekend:radius_1.modelParams|clParams|alpha_0.00673295770449.modelParams|tpParams|minThreshold_9.modelParams|tpParams|activationThreshold_12.modelParams|tpParams|pamLength_1.modelParams|sensorParams|encoders|_classifierInput|n_28.modelParams|spParams|synPermInactiveDec_0.0910131175821,  250,  1,  None,  0.00673295770449,  9,  12,  None,  1,  None,  28,  0.0910131175821,  194.147990927,  65.2479379963, 
1015,  10620,  completed,  killed,  2014-08-08 05:49:37,  2014-08-08 05:49:38,  1,  modelParams|sensorParams|encoders|timestamp_timeOfDay:radius_2.77469237865.modelParams|clParams|alpha_0.0801863494502.modelParams|tpParams|minThreshold_10.modelParams|tpParams|activationThreshold_15.modelParams|tpParams|pamLength_4.modelParams|sensorParams|encoders|_classifierInput|n_422.modelParams|spParams|synPermInactiveDec_0.0200308651141,  50,  None,  None,  0.0801863494502,  10,  15,  2.77469237865,  4,  None,  422,  0.0200308651141,  52.2126530612,  15.9931237107, 
1015,  10621,  completed,  eof,  2014-08-08 05:49:38,  2014-08-08 05:50:21,  43,  modelParams|sensorParams|encoders|hourly_traffic_count:n_272.modelParams|clParams|alpha_0.05005.modelParams|tpParams|minThreshold_11.modelParams|tpParams|activationThreshold_14.modelParams|tpParams|pamLength_3.modelParams|sensorParams|encoders|timestamp_dayOfWeek:radius_2.5.modelParams|sensorParams|encoders|_classifierInput|n_275.modelParams|spParams|synPermInactiveDec_0.05015,  3034,  None,  272,  0.05005,  11,  14,  None,  3,  2.5,  275,  0.05015,  86.5119078151,  35.8349037003, 
1015,  10632,  completed,  eof,  2014-08-08 05:49:38,  2014-08-08 05:50:21,  43,  modelParams|sensorParams|encoders|timestamp_timeOfDay:radius_6.25.modelParams|clParams|alpha_0.05005.modelParams|tpParams|minThreshold_11.modelParams|tpParams|activationThreshold_14.modelParams|tpParams|pamLength_3.modelParams|sensorParams|encoders|timestamp_dayOfWeek:radius_2.5.modelParams|sensorParams|encoders|_classifierInput|n_275.modelParams|spParams|synPermInactiveDec_0.05015,  3034,  None,  None,  0.05005,  11,  14,  6.25,  3,  2.5,  275,  0.05015,  91.3289430598,  37.8302127678, 
1015,  10653,  completed,  eof,  2014-08-08 05:49:38,  2014-08-08 05:50:06,  28,  modelParams|sensorParams|encoders|timestamp_weekend:radius_1.modelParams|clParams|alpha_0.05005.modelParams|tpParams|minThreshold_11.modelParams|tpParams|activationThreshold_14.modelParams|tpParams|pamLength_3.modelParams|sensorParams|encoders|timestamp_dayOfWeek:radius_2.5.modelParams|sensorParams|encoders|_classifierInput|n_275.modelParams|spParams|synPermInactiveDec_0.05015,  3034,  1,  None,  0.05005,  11,  14,  None,  3,  2.5,  275,  0.05015,  131.011744288,  54.2675957417, 
1015,  10664,  completed,  eof,  2014-08-08 05:49:38,  2014-08-08 05:50:03,  25,  modelParams|sensorParams|encoders|hourly_traffic_count:n_22.modelParams|clParams|alpha_0.0001.modelParams|tpParams|minThreshold_9.modelParams|tpParams|activationThreshold_12.modelParams|tpParams|pamLength_1.modelParams|sensorParams|encoders|timestamp_dayOfWeek:radius_2.5.modelParams|sensorParams|encoders|_classifierInput|n_28.modelParams|spParams|synPermInactiveDec_0.1,  3034,  None,  22,  0.0001,  9,  12,  None,  1,  2.5,  28,  0.1,  186.545595352,  77.2707898133, 
1015,  10693,  completed,  eof,  2014-08-08 05:49:39,  2014-08-08 05:50:08,  29,  modelParams|sensorParams|encoders|timestamp_timeOfDay:radius_0.5.modelParams|clParams|alpha_0.0001.modelParams|tpParams|minThreshold_9.modelParams|tpParams|activationThreshold_12.modelParams|tpParams|pamLength_1.modelParams|sensorParams|encoders|timestamp_dayOfWeek:radius_2.5.modelParams|sensorParams|encoders|_classifierInput|n_28.modelParams|spParams|synPermInactiveDec_0.1,  3034,  None,  None,  0.0001,  9,  12,  0.5,  1,  2.5,  28,  0.1,  54.691869858,  22.6544291884, 
1015,  10698,  completed,  eof,  2014-08-08 05:49:39,  2014-08-08 05:50:02,  23,  modelParams|sensorParams|encoders|timestamp_weekend:radius_1.modelParams|clParams|alpha_0.0001.modelParams|tpParams|minThreshold_9.modelParams|tpParams|activationThreshold_12.modelParams|tpParams|pamLength_1.modelParams|sensorParams|encoders|timestamp_dayOfWeek:radius_2.5.modelParams|sensorParams|encoders|_classifierInput|n_28.modelParams|spParams|synPermInactiveDec_0.1,  3034,  1,  None,  0.0001,  9,  12,  None,  1,  2.5,  28,  0.1,  183.35733603,  75.9501512025, 
1015,  10737,  completed,  eof,  2014-08-08 05:49:39,  2014-08-08 05:51:07,  88,  modelParams|sensorParams|encoders|hourly_traffic_count:n_521.modelParams|clParams|alpha_0.1.modelParams|tpParams|minThreshold_12.modelParams|tpParams|activationThreshold_16.modelParams|tpParams|pamLength_5.modelParams|sensorParams|encoders|timestamp_dayOfWeek:radius_2.5.modelParams|sensorParams|encoders|_classifierInput|n_521.modelParams|spParams|synPermInactiveDec_0.0003,  3034,  None,  521,  0.1,  12,  16,  None,  5,  2.5,  521,  0.0003,  97.4808159569,  40.3784373812, 
1015,  10768,  completed,  eof,  2014-08-08 05:49:39,  2014-08-08 05:50:31,  52,  modelParams|sensorParams|encoders|timestamp_timeOfDay:radius_12.0.modelParams|clParams|alpha_0.1.modelParams|tpParams|minThreshold_12.modelParams|tpParams|activationThreshold_16.modelParams|tpParams|pamLength_5.modelParams|sensorParams|encoders|timestamp_dayOfWeek:radius_2.5.modelParams|sensorParams|encoders|_classifierInput|n_521.modelParams|spParams|synPermInactiveDec_0.0003,  3034,  None,  None,  0.1,  12,  16,  12.0,  5,  2.5,  521,  0.0003,  108.436139942,  44.9163442418, 
1015,  10789,  completed,  eof,  2014-08-08 05:49:39,  2014-08-08 05:50:14,  35,  modelParams|sensorParams|encoders|timestamp_weekend:radius_1.modelParams|clParams|alpha_0.1.modelParams|tpParams|minThreshold_12.modelParams|tpParams|activationThreshold_16.modelParams|tpParams|pamLength_5.modelParams|sensorParams|encoders|timestamp_dayOfWeek:radius_2.5.modelParams|sensorParams|encoders|_classifierInput|n_521.modelParams|spParams|synPermInactiveDec_0.0003,  3034,  1,  None,  0.1,  12,  16,  None,  5,  2.5,  521,  0.0003,  168.157040173,  69.6538949761, 
1015,  10800,  completed,  eof,  2014-08-08 05:49:39,  2014-08-08 05:50:13,  34,  modelParams|sensorParams|encoders|hourly_traffic_count:n_147.modelParams|clParams|alpha_0.025075.modelParams|tpParams|minThreshold_10.modelParams|tpParams|activationThreshold_13.modelParams|tpParams|pamLength_2.modelParams|sensorParams|encoders|timestamp_dayOfWeek:radius_2.0.modelParams|sensorParams|encoders|_classifierInput|n_151.modelParams|spParams|synPermInactiveDec_0.075075,  3034,  None,  147,  0.025075,  10,  13,  None,  2,  2.0,  151,  0.075075,  78.9864659983,  32.7177203019, 
1015,  10801,  completed,  eof,  2014-08-08 05:50:02,  2014-08-08 05:50:32,  30,  modelParams|sensorParams|encoders|timestamp_timeOfDay:radius_9.125.modelParams|clParams|alpha_0.025075.modelParams|tpParams|minThreshold_10.modelParams|tpParams|activationThreshold_13.modelParams|tpParams|pamLength_2.modelParams|sensorParams|encoders|timestamp_dayOfWeek:radius_2.0.modelParams|sensorParams|encoders|_classifierInput|n_151.modelParams|spParams|synPermInactiveDec_0.075075,  3034,  None,  None,  0.025075,  10,  13,  9.125,  2,  2.0,  151,  0.075075,  112.288837385,  46.5122059603, 
1015,  10802,  completed,  eof,  2014-08-08 05:50:03,  2014-08-08 05:50:29,  26,  modelParams|sensorParams|encoders|timestamp_weekend:radius_1.modelParams|clParams|alpha_0.025075.modelParams|tpParams|minThreshold_10.modelParams|tpParams|activationThreshold_13.modelParams|tpParams|pamLength_2.modelParams|sensorParams|encoders|timestamp_dayOfWeek:radius_2.22994961052.modelParams|sensorParams|encoders|_classifierInput|n_151.modelParams|spParams|synPermInactiveDec_0.075075,  3034,  1,  None,  0.025075,  10,  13,  None,  2,  2.22994961052,  151,  0.075075,  158.218483396,  65.5371527374, 
1015,  10803,  completed,  eof,  2014-08-08 05:50:06,  2014-08-08 05:50:57,  51,  modelParams|sensorParams|encoders|hourly_traffic_count:n_396.modelParams|clParams|alpha_0.075025.modelParams|tpParams|minThreshold_11.modelParams|tpParams|activationThreshold_15.modelParams|tpParams|pamLength_4.modelParams|sensorParams|encoders|timestamp_dayOfWeek:radius_2.73046771731.modelParams|sensorParams|encoders|_classifierInput|n_398.modelParams|spParams|synPermInactiveDec_0.025225,  3034,  None,  396,  0.075025,  11,  15,  None,  4,  2.73046771731,  398,  0.025225,  80.6189908042,  33.3939436182, 
1015,  10804,  completed,  eof,  2014-08-08 05:50:08,  2014-08-08 05:50:41,  33,  modelParams|sensorParams|encoders|timestamp_timeOfDay:radius_3.375.modelParams|clParams|alpha_0.075025.modelParams|tpParams|minThreshold_11.modelParams|tpParams|activationThreshold_15.modelParams|tpParams|pamLength_4.modelParams|sensorParams|encoders|timestamp_dayOfWeek:radius_2.20939452343.modelParams|sensorParams|encoders|_classifierInput|n_398.modelParams|spParams|synPermInactiveDec_0.025225,  3034,  None,  None,  0.075025,  11,  15,  3.375,  4,  2.20939452343,  398,  0.025225,  44.8748183004,  18.5880167595, 
1015,  10805,  completed,  eof,  2014-08-08 05:50:13,  2014-08-08 05:50:43,  30,  modelParams|sensorParams|encoders|timestamp_weekend:radius_1.modelParams|clParams|alpha_0.075025.modelParams|tpParams|minThreshold_11.modelParams|tpParams|activationThreshold_15.modelParams|tpParams|pamLength_4.modelParams|sensorParams|encoders|timestamp_dayOfWeek:radius_2.73046771731.modelParams|sensorParams|encoders|_classifierInput|n_398.modelParams|spParams|synPermInactiveDec_0.025225,  3034,  1,  None,  0.075025,  11,  15,  None,  4,  2.73046771731,  398,  0.025225,  160.950064324,  66.6686263344, 
1015,  10806,  completed,  eof,  2014-08-08 05:50:14,  2014-08-08 05:50:48,  34,  modelParams|sensorParams|encoders|hourly_traffic_count:n_98.modelParams|clParams|alpha_0.0273048752741.modelParams|tpParams|minThreshold_10.modelParams|tpParams|activationThreshold_13.modelParams|tpParams|pamLength_2.modelParams|sensorParams|encoders|timestamp_dayOfWeek:radius_2.06142894238.modelParams|sensorParams|encoders|_classifierInput|n_112.modelParams|spParams|synPermInactiveDec_0.0696419334384,  3034,  None,  98,  0.0273048752741,  10,  13,  None,  2,  2.06142894238,  112,  0.0696419334384,  94.7686797449,  39.2550181614, 
1015,  10807,  completed,  eof,  2014-08-08 05:50:21,  2014-08-08 05:50:52,  31,  modelParams|sensorParams|encoders|timestamp_timeOfDay:radius_0.5.modelParams|clParams|alpha_0.0001.modelParams|tpParams|minThreshold_9.modelParams|tpParams|activationThreshold_12.modelParams|tpParams|pamLength_1.modelParams|sensorParams|encoders|timestamp_dayOfWeek:radius_2.5625.modelParams|sensorParams|encoders|_classifierInput|n_28.modelParams|spParams|synPermInactiveDec_0.095015,  3034,  None,  None,  0.0001,  9,  12,  0.5,  1,  2.5625,  28,  0.095015,  58.6401392359,  24.2898786486, 
1015,  10808,  completed,  eof,  2014-08-08 05:50:21,  2014-08-08 05:50:48,  27,  modelParams|sensorParams|encoders|timestamp_timeOfDay:radius_2.16747526299.modelParams|clParams|alpha_0.0106252494518.modelParams|tpParams|minThreshold_9.modelParams|tpParams|activationThreshold_13.modelParams|tpParams|pamLength_2.modelParams|sensorParams|encoders|timestamp_dayOfWeek:radius_2.5625.modelParams|sensorParams|encoders|_classifierInput|n_82.modelParams|spParams|synPermInactiveDec_0.1,  3034,  None,  None,  0.0106252494518,  9,  13,  2.16747526299,  2,  2.5625,  82,  0.1,  30.9474672829,  12.8190388798, 
1015,  10809,  completed,  eof,  2014-08-08 05:50:29,  2014-08-08 05:50:57,  28,  modelParams|sensorParams|encoders|timestamp_weekend:radius_1.modelParams|clParams|alpha_0.055045.modelParams|tpParams|minThreshold_11.modelParams|tpParams|activationThreshold_14.modelParams|tpParams|pamLength_3.modelParams|sensorParams|encoders|timestamp_dayOfWeek:radius_2.5625.modelParams|sensorParams|encoders|_classifierInput|n_299.modelParams|spParams|synPermInactiveDec_0.055135,  3034,  1,  None,  0.055045,  11,  14,  None,  3,  2.5625,  299,  0.055135,  161.881617951,  67.0544938453, 
1015,  10810,  completed,  eof,  2014-08-08 05:50:32,  2014-08-08 05:51:08,  36,  modelParams|sensorParams|encoders|hourly_traffic_count:n_195.modelParams|clParams|alpha_0.0328351247259.modelParams|tpParams|minThreshold_10.modelParams|tpParams|activationThreshold_13.modelParams|tpParams|pamLength_2.modelParams|sensorParams|encoders|timestamp_dayOfWeek:radius_2.06142894238.modelParams|sensorParams|encoders|_classifierInput|n_190.modelParams|spParams|synPermInactiveDec_0.0805080665616,  3034,  None,  195,  0.0328351247259,  10,  13,  None,  2,  2.06142894238,  190,  0.0805080665616,  85.8821239299,  35.574035047, 
1015,  10811,  completed,  eof,  2014-08-08 05:50:32,  2014-08-08 05:51:00,  28,  modelParams|sensorParams|encoders|timestamp_weekend:radius_1.modelParams|clParams|alpha_0.040560085781.modelParams|tpParams|minThreshold_11.modelParams|tpParams|activationThreshold_14.modelParams|tpParams|pamLength_3.modelParams|sensorParams|encoders|timestamp_dayOfWeek:radius_2.5625.modelParams|sensorParams|encoders|_classifierInput|n_204.modelParams|spParams|synPermInactiveDec_0.0421763043107,  3034,  1,  None,  0.040560085781,  11,  14,  None,  3,  2.5625,  204,  0.0421763043107,  172.411957962,  71.4163641328, 
1015,  10812,  completed,  eof,  2014-08-08 05:50:41,  2014-08-08 05:51:14,  33,  modelParams|sensorParams|encoders|hourly_traffic_count:n_122.modelParams|clParams|alpha_0.02008.modelParams|tpParams|minThreshold_10.modelParams|tpParams|activationThreshold_13.modelParams|tpParams|pamLength_2.modelParams|sensorParams|encoders|timestamp_dayOfWeek:radius_1.9375.modelParams|sensorParams|encoders|_classifierInput|n_176.modelParams|spParams|synPermInactiveDec_0.07009,  3034,  None,  122,  0.02008,  10,  13,  None,  2,  1.9375,  176,  0.07009,  76.55290879,  31.7096938878, 
1015,  10813,  completed,  eof,  2014-08-08 05:50:43,  2014-08-08 05:51:25,  42,  modelParams|sensorParams|encoders|timestamp_timeOfDay:radius_4.43871289448.modelParams|clParams|alpha_0.0727951247259.modelParams|tpParams|minThreshold_11.modelParams|tpParams|activationThreshold_15.modelParams|tpParams|pamLength_4.modelParams|sensorParams|encoders|timestamp_dayOfWeek:radius_2.271272013.modelParams|sensorParams|encoders|_classifierInput|n_388.modelParams|spParams|synPermInactiveDec_0.0306580665616,  3034,  None,  None,  0.0727951247259,  11,  15,  4.43871289448,  4,  2.271272013,  388,  0.0306580665616,  77.0187141113,  31.9026394516, 
1015,  10814,  completed,  eof,  2014-08-08 05:50:48,  2014-08-08 05:51:16,  28,  modelParams|sensorParams|encoders|timestamp_weekend:radius_1.modelParams|clParams|alpha_0.059539914219.modelParams|tpParams|minThreshold_11.modelParams|tpParams|activationThreshold_13.modelParams|tpParams|pamLength_3.modelParams|sensorParams|encoders|timestamp_dayOfWeek:radius_2.5625.modelParams|sensorParams|encoders|_classifierInput|n_297.modelParams|spParams|synPermInactiveDec_0.0581236956893,  3034,  1,  None,  0.059539914219,  11,  13,  None,  3,  2.5625,  297,  0.0581236956893,  151.053944281,  62.569462211, 
1015,  10825,  completed,  eof,  2014-08-08 05:50:48,  2014-08-08 05:51:22,  34,  modelParams|sensorParams|encoders|hourly_traffic_count:n_157.modelParams|clParams|alpha_0.032123101031.modelParams|tpParams|minThreshold_11.modelParams|tpParams|activationThreshold_13.modelParams|tpParams|pamLength_2.modelParams|sensorParams|encoders|timestamp_dayOfWeek:radius_1.89022564772.modelParams|sensorParams|encoders|_classifierInput|n_167.modelParams|spParams|synPermInactiveDec_0.0675831513818,  3034,  None,  157,  0.032123101031,  11,  13,  None,  2,  1.89022564772,  167,  0.0675831513818,  85.5090650734,  35.4195068609, 
1015,  10826,  completed,  eof,  2014-08-08 05:50:52,  2014-08-08 05:51:23,  31,  modelParams|sensorParams|encoders|hourly_traffic_count:n_114.modelParams|clParams|alpha_0.017363102274.modelParams|tpParams|minThreshold_10.modelParams|tpParams|activationThreshold_13.modelParams|tpParams|pamLength_2.modelParams|sensorParams|encoders|timestamp_dayOfWeek:radius_1.59717145243.modelParams|sensorParams|encoders|_classifierInput|n_112.modelParams|spParams|synPermInactiveDec_0.0793952951635,  3034,  None,  114,  0.017363102274,  10,  13,  None,  2,  1.59717145243,  112,  0.0793952951635,  77.4893003838,  32.0975653778, 
1015,  10827,  completed,  eof,  2014-08-08 05:50:57,  2014-08-08 05:51:31,  34,  modelParams|sensorParams|encoders|hourly_traffic_count:n_111.modelParams|clParams|alpha_0.0181658521993.modelParams|tpParams|minThreshold_10.modelParams|tpParams|activationThreshold_14.modelParams|tpParams|pamLength_3.modelParams|sensorParams|encoders|timestamp_dayOfWeek:radius_1.92025036955.modelParams|sensorParams|encoders|_classifierInput|n_186.modelParams|spParams|synPermInactiveDec_0.0690080807046,  3034,  None,  111,  0.0181658521993,  10,  14,  None,  3,  1.92025036955,  186,  0.0690080807046,  81.7527032866,  33.8635492327, 
1015,  10828,  completed,  eof,  2014-08-08 05:50:57,  2014-08-08 05:51:26,  29,  modelParams|sensorParams|encoders|timestamp_timeOfDay:radius_2.91437503113.modelParams|clParams|alpha_0.0172200637671.modelParams|tpParams|minThreshold_9.modelParams|tpParams|activationThreshold_13.modelParams|tpParams|pamLength_2.modelParams|sensorParams|encoders|timestamp_dayOfWeek:radius_2.50120493982.modelParams|sensorParams|encoders|_classifierInput|n_115.modelParams|spParams|synPermInactiveDec_0.0954630665616,  3034,  None,  None,  0.0172200637671,  9,  13,  2.91437503113,  2,  2.50120493982,  115,  0.0954630665616,  40.6854676829,  16.8527067919, 
1015,  10829,  completed,  eof,  2014-08-08 05:51:00,  2014-08-08 05:51:29,  29,  modelParams|sensorParams|encoders|timestamp_weekend:radius_1.modelParams|clParams|alpha_0.0527975428905.modelParams|tpParams|minThreshold_11.modelParams|tpParams|activationThreshold_14.modelParams|tpParams|pamLength_3.modelParams|sensorParams|encoders|timestamp_dayOfWeek:radius_2.46459463284.modelParams|sensorParams|encoders|_classifierInput|n_276.modelParams|spParams|synPermInactiveDec_0.0436706521553,  3034,  1,  None,  0.0527975428905,  11,  14,  None,  3,  2.46459463284,  276,  0.0436706521553,  179.244327827,  74.246463738, 
1015,  10830,  completed,  eof,  2014-08-08 05:51:07,  2014-08-08 05:51:34,  27,  modelParams|sensorParams|encoders|timestamp_timeOfDay:radius_1.82189976814.modelParams|clParams|alpha_0.0227503132188.modelParams|tpParams|minThreshold_9.modelParams|tpParams|activationThreshold_13.modelParams|tpParams|pamLength_2.modelParams|sensorParams|encoders|timestamp_dayOfWeek:radius_2.55310502348.modelParams|sensorParams|encoders|_classifierInput|n_144.modelParams|spParams|synPermInactiveDec_0.0963591996848,  3034,  None,  None,  0.0227503132188,  9,  13,  1.82189976814,  2,  2.55310502348,  144,  0.0963591996848,  37.0291512635,  15.3381898879, 
1015,  10831,  completed,  eof,  2014-08-08 05:51:08,  2014-08-08 05:51:38,  30,  modelParams|sensorParams|encoders|timestamp_weekend:radius_1.modelParams|clParams|alpha_0.0572924571095.modelParams|tpParams|minThreshold_10.modelParams|tpParams|activationThreshold_14.modelParams|tpParams|pamLength_3.modelParams|sensorParams|encoders|timestamp_dayOfWeek:radius_2.6460548748.modelParams|sensorParams|encoders|_classifierInput|n_323.modelParams|spParams|synPermInactiveDec_0.0466593478447,  3034,  1,  None,  0.0572924571095,  10,  14,  None,  3,  2.6460548748,  323,  0.0466593478447,  154.991957998,  64.2006635785, 
1015,  10832,  completed,  eof,  2014-08-08 05:51:14,  2014-08-08 05:51:40,  26,  modelParams|sensorParams|encoders|timestamp_timeOfDay:radius_1.70691213665.modelParams|clParams|alpha_0.00821118904116.modelParams|tpParams|minThreshold_9.modelParams|tpParams|activationThreshold_13.modelParams|tpParams|pamLength_2.modelParams|sensorParams|encoders|timestamp_dayOfWeek:radius_2.56425851266.modelParams|sensorParams|encoders|_classifierInput|n_69.modelParams|spParams|synPermInactiveDec_0.1,  3034,  None,  None,  0.00821118904116,  9,  13,  1.70691213665,  2,  2.56425851266,  69,  0.1,  32.608346448,  13.5070071196, 
1015,  10833,  completed,  killed,  2014-08-08 05:51:16,  2014-08-08 05:51:38,  22,  modelParams|sensorParams|encoders|timestamp_weekend:radius_1.modelParams|clParams|alpha_0.0507367485497.modelParams|tpParams|minThreshold_11.modelParams|tpParams|activationThreshold_14.modelParams|tpParams|pamLength_3.modelParams|sensorParams|encoders|timestamp_dayOfWeek:radius_2.50997281801.modelParams|sensorParams|encoders|_classifierInput|n_280.modelParams|spParams|synPermInactiveDec_0.0500012598622,  2500,  1,  None,  0.0507367485497,  11,  14,  None,  3,  2.50997281801,  280,  0.0500012598622,  104.843412033,  42.3209620129, 
1015,  10834,  completed,  eof,  2014-08-08 05:51:22,  2014-08-08 05:51:57,  35,  modelParams|sensorParams|encoders|hourly_traffic_count:n_173.modelParams|clParams|alpha_0.0339233991229.modelParams|tpParams|minThreshold_10.modelParams|tpParams|activationThreshold_13.modelParams|tpParams|pamLength_2.modelParams|sensorParams|encoders|timestamp_dayOfWeek:radius_1.99879506018.modelParams|sensorParams|encoders|_classifierInput|n_193.modelParams|spParams|synPermInactiveDec_0.0763295863725,  3034,  None,  173,  0.0339233991229,  10,  13,  None,  2,  1.99879506018,  193,  0.0763295863725,  82.904047133,  34.3404580988, 
1015,  10835,  completed,  eof,  2014-08-08 05:51:23,  2014-08-08 05:51:51,  28,  modelParams|sensorParams|encoders|timestamp_timeOfDay:radius_1.14684407873.modelParams|clParams|alpha_0.000769061814733.modelParams|tpParams|minThreshold_9.modelParams|tpParams|activationThreshold_12.modelParams|tpParams|pamLength_1.modelParams|sensorParams|encoders|timestamp_dayOfWeek:radius_2.578125.modelParams|sensorParams|encoders|_classifierInput|n_34.modelParams|spParams|synPermInactiveDec_0.1,  3034,  None,  None,  0.000769061814733,  9,  12,  1.14684407873,  1,  2.578125,  34,  0.1,  36.2780747307,  15.0270794765, 
1015,  10836,  completed,  killed,  2014-08-08 05:51:25,  2014-08-08 05:51:38,  13,  modelParams|sensorParams|encoders|timestamp_weekend:radius_1.modelParams|clParams|alpha_0.0593110404571.modelParams|tpParams|minThreshold_12.modelParams|tpParams|activationThreshold_15.modelParams|tpParams|pamLength_3.modelParams|sensorParams|encoders|timestamp_dayOfWeek:radius_2.52265905063.modelParams|sensorParams|encoders|_classifierInput|n_305.modelParams|spParams|synPermInactiveDec_0.0361721292358,  1500,  1,  None,  0.0593110404571,  12,  15,  None,  3,  2.52265905063,  305,  0.0361721292358,  192.224126535,  66.0641197028, 
1015,  10837,  completed,  eof,  2014-08-08 05:51:26,  2014-08-08 05:52:02,  36,  modelParams|sensorParams|encoders|hourly_traffic_count:n_149.modelParams|clParams|alpha_0.031158274397.modelParams|tpParams|minThreshold_9.modelParams|tpParams|activationThreshold_13.modelParams|tpParams|pamLength_2.modelParams|sensorParams|encoders|timestamp_dayOfWeek:radius_2.05591830109.modelParams|sensorParams|encoders|_classifierInput|n_227.modelParams|spParams|synPermInactiveDec_0.0659115198109,  3034,  None,  149,  0.031158274397,  9,  13,  None,  2,  2.05591830109,  227,  0.0659115198109,  85.2698825505,  35.3204328387, 
1015,  10838,  completed,  eof,  2014-08-08 05:51:29,  2014-08-08 05:51:55,  26,  modelParams|sensorParams|encoders|timestamp_timeOfDay:radius_0.708678865526.modelParams|clParams|alpha_0.0107072121879.modelParams|tpParams|minThreshold_9.modelParams|tpParams|activationThreshold_13.modelParams|tpParams|pamLength_2.modelParams|sensorParams|encoders|timestamp_dayOfWeek:radius_2.50594184716.modelParams|sensorParams|encoders|_classifierInput|n_86.modelParams|spParams|synPermInactiveDec_0.1,  3034,  None,  None,  0.0107072121879,  9,  13,  0.708678865526,  2,  2.50594184716,  86,  0.1,  36.2855070475,  15.0301580858, 
1015,  10839,  completed,  killed,  2014-08-08 05:51:31,  2014-08-08 05:51:38,  7,  modelParams|sensorParams|encoders|timestamp_weekend:radius_1.modelParams|clParams|alpha_0.0407889595429.modelParams|tpParams|minThreshold_11.modelParams|tpParams|activationThreshold_14.modelParams|tpParams|pamLength_2.modelParams|sensorParams|encoders|timestamp_dayOfWeek:radius_2.52265905063.modelParams|sensorParams|encoders|_classifierInput|n_223.modelParams|spParams|synPermInactiveDec_0.0641278707642,  650,  1,  None,  0.0407889595429,  11,  14,  None,  2,  2.52265905063,  223,  0.0641278707642,  183.378446058,  62.6349199997, 
1015,  10840,  completed,  eof,  2014-08-08 05:51:34,  2014-08-08 05:52:07,  33,  modelParams|sensorParams|encoders|hourly_traffic_count:n_117.modelParams|clParams|alpha_0.0171884738046.modelParams|tpParams|minThreshold_9.modelParams|tpParams|activationThreshold_13.modelParams|tpParams|pamLength_2.modelParams|sensorParams|encoders|timestamp_dayOfWeek:radius_1.82759176552.modelParams|sensorParams|encoders|_classifierInput|n_157.modelParams|spParams|synPermInactiveDec_0.0774922353059,  3034,  None,  117,  0.0171884738046,  9,  13,  None,  2,  1.82759176552,  157,  0.0774922353059,  83.4701087334,  34.5749317505, 
1015,  10841,  completed,  eof,  2014-08-08 05:51:38,  2014-08-08 05:52:03,  25,  modelParams|sensorParams|encoders|timestamp_timeOfDay:radius_0.756726763488.modelParams|clParams|alpha_0.0093916649081.modelParams|tpParams|minThreshold_9.modelParams|tpParams|activationThreshold_13.modelParams|tpParams|pamLength_2.modelParams|sensorParams|encoders|timestamp_dayOfWeek:radius_2.68793253604.modelParams|sensorParams|encoders|_classifierInput|n_77.modelParams|spParams|synPermInactiveDec_0.1,  3034,  None,  None,  0.0093916649081,  9,  13,  0.756726763488,  2,  2.68793253604,  77,  0.1,  31.3737370776,  12.9956080647, 
1015,  10842,  completed,  eof,  2014-08-08 05:51:38,  2014-08-08 05:52:12,  34,  modelParams|sensorParams|encoders|hourly_traffic_count:n_116.modelParams|clParams|alpha_0.01883125.modelParams|tpParams|minThreshold_10.modelParams|tpParams|activationThreshold_13.modelParams|tpParams|pamLength_2.modelParams|sensorParams|encoders|timestamp_dayOfWeek:radius_1.921875.modelParams|sensorParams|encoders|_classifierInput|n_182.modelParams|spParams|synPermInactiveDec_0.06884375,  3034,  None,  116,  0.01883125,  10,  13,  None,  2,  1.921875,  182,  0.06884375,  80.2268418185,  33.2315079317, 
1015,  10843,  completed,  eof,  2014-08-08 05:51:38,  2014-08-08 05:52:02,  24,  modelParams|sensorParams|encoders|timestamp_timeOfDay:radius_1.7135423477.modelParams|clParams|alpha_0.0001.modelParams|tpParams|minThreshold_9.modelParams|tpParams|activationThreshold_13.modelParams|tpParams|pamLength_2.modelParams|sensorParams|encoders|timestamp_dayOfWeek:radius_2.64844775014.modelParams|sensorParams|encoders|_classifierInput|n_28.modelParams|spParams|synPermInactiveDec_0.1,  3034,  None,  None,  0.0001,  9,  13,  1.7135423477,  2,  2.64844775014,  28,  0.1,  64.0379591208,  26.5257599354, 
1015,  10844,  completed,  eof,  2014-08-08 05:51:38,  2014-08-08 05:52:11,  33,  modelParams|sensorParams|encoders|hourly_traffic_count:n_101.modelParams|clParams|alpha_0.0159111911406.modelParams|tpParams|minThreshold_10.modelParams|tpParams|activationThreshold_13.modelParams|tpParams|pamLength_2.modelParams|sensorParams|encoders|timestamp_dayOfWeek:radius_1.82216465048.modelParams|sensorParams|encoders|_classifierInput|n_148.modelParams|spParams|synPermInactiveDec_0.0696445296536,  3034,  None,  101,  0.0159111911406,  10,  13,  None,  2,  1.82216465048,  148,  0.0696445296536,  84.4389393765,  34.9762401215, 
1015,  10845,  completed,  killed,  2014-08-08 05:51:40,  2014-08-08 05:52:04,  24,  modelParams|sensorParams|encoders|timestamp_timeOfDay:radius_2.38169828453.modelParams|clParams|alpha_0.0123857723124.modelParams|tpParams|minThreshold_9.modelParams|tpParams|activationThreshold_13.modelParams|tpParams|pamLength_2.modelParams|sensorParams|encoders|timestamp_dayOfWeek:radius_2.56293586123.modelParams|sensorParams|encoders|_classifierInput|n_91.modelParams|spParams|synPermInactiveDec_0.1,  2650,  None,  None,  0.0123857723124,  9,  13,  2.38169828453,  2,  2.56293586123,  91,  0.1,  41.5913078811,  17.1198507796, 
1015,  10846,  completed,  eof,  2014-08-08 05:51:51,  2014-08-08 05:52:24,  33,  modelParams|sensorParams|encoders|hourly_traffic_count:n_117.modelParams|clParams|alpha_0.0193895368271.modelParams|tpParams|minThreshold_10.modelParams|tpParams|activationThreshold_13.modelParams|tpParams|pamLength_2.modelParams|sensorParams|encoders|timestamp_dayOfWeek:radius_1.93322454308.modelParams|sensorParams|encoders|_classifierInput|n_180.modelParams|spParams|synPermInactiveDec_0.0698389693982,  3034,  None,  117,  0.0193895368271,  10,  13,  None,  2,  1.93322454308,  180,  0.0698389693982,  79.8602725374,  33.079667853, 
1015,  10847,  completed,  killed,  2014-08-08 05:51:55,  2014-08-08 05:52:04,  9,  modelParams|sensorParams|encoders|timestamp_timeOfDay:radius_1.98779006267.modelParams|clParams|alpha_0.0093122793664.modelParams|tpParams|minThreshold_9.modelParams|tpParams|activationThreshold_13.modelParams|tpParams|pamLength_2.modelParams|sensorParams|encoders|timestamp_dayOfWeek:radius_2.56290615761.modelParams|sensorParams|encoders|_classifierInput|n_74.modelParams|spParams|synPermInactiveDec_0.1,  800,  None,  None,  0.0093122793664,  9,  13,  1.98779006267,  2,  2.56290615761,  74,  0.1,  53.4433190521,  18.0973379964, 
1015,  10848,  completed,  eof,  2014-08-08 05:51:57,  2014-08-08 05:52:24,  27,  modelParams|sensorParams|encoders|hourly_traffic_count:n_45.modelParams|clParams|alpha_0.00509353147061.modelParams|tpParams|minThreshold_10.modelParams|tpParams|activationThreshold_13.modelParams|tpParams|pamLength_2.modelParams|sensorParams|encoders|timestamp_dayOfWeek:radius_1.81206746396.modelParams|sensorParams|encoders|_classifierInput|n_96.modelParams|spParams|synPermInactiveDec_0.0889852300932,  3034,  None,  45,  0.00509353147061,  10,  13,  None,  2,  1.81206746396,  96,  0.0889852300932,  102.57217784,  42.4873778426, 
1015,  10849,  completed,  killed,  2014-08-08 05:52:02,  2014-08-08 05:52:04,  2,  modelParams|sensorParams|encoders|timestamp_timeOfDay:radius_0.957801716103.modelParams|clParams|alpha_0.0001.modelParams|tpParams|minThreshold_9.modelParams|tpParams|activationThreshold_13.modelParams|tpParams|pamLength_2.modelParams|sensorParams|encoders|timestamp_dayOfWeek:radius_2.62128861262.modelParams|sensorParams|encoders|_classifierInput|n_28.modelParams|spParams|synPermInactiveDec_0.1,  50,  None,  None,  0.0001,  9,  13,  0.957801716103,  2,  2.62128861262,  28,  0.1,  117.165324269,  35.8886096716, 
1015,  10850,  completed,  eof,  2014-08-08 05:52:02,  2014-08-08 05:52:35,  33,  modelParams|sensorParams|encoders|hourly_traffic_count:n_131.modelParams|clParams|alpha_0.0203196662412.modelParams|tpParams|minThreshold_11.modelParams|tpParams|activationThreshold_13.modelParams|tpParams|pamLength_2.modelParams|sensorParams|encoders|timestamp_dayOfWeek:radius_1.91826707537.modelParams|sensorParams|encoders|_classifierInput|n_174.modelParams|spParams|synPermInactiveDec_0.0695552872198,  3034,  None,  131,  0.0203196662412,  11,  13,  None,  2,  1.91826707537,  174,  0.0695552872198,  81.146601605,  33.6124902058, 
1015,  10851,  completed,  killed,  2014-08-08 05:52:04,  2014-08-08 05:52:36,  32,  modelParams|sensorParams|encoders|hourly_traffic_count:n_143.modelParams|clParams|alpha_0.0226179168571.modelParams|tpParams|minThreshold_10.modelParams|tpParams|activationThreshold_13.modelParams|tpParams|pamLength_2.modelParams|sensorParams|encoders|timestamp_dayOfWeek:radius_1.89480044345.modelParams|sensorParams|encoders|_classifierInput|n_188.modelParams|spParams|synPermInactiveDec_0.0696203690813,  2950,  None,  143,  0.0226179168571,  10,  13,  None,  2,  1.89480044345,  188,  0.0696203690813,  79.4262358243,  33.413362539, 
1015,  10852,  completed,  eof,  2014-08-08 05:52:04,  2014-08-08 05:52:46,  42,  modelParams|sensorParams|encoders|hourly_traffic_count:n_272.modelParams|sensorParams|encoders|timestamp_timeOfDay:radius_6.25.modelParams|clParams|alpha_0.05005.modelParams|tpParams|minThreshold_11.modelParams|tpParams|activationThreshold_14.modelParams|tpParams|pamLength_3.modelParams|sensorParams|encoders|timestamp_dayOfWeek:radius_2.5.modelParams|sensorParams|encoders|_classifierInput|n_275.modelParams|spParams|synPermInactiveDec_0.05015,  3034,  None,  272,  0.05005,  11,  14,  6.25,  3,  2.5,  275,  0.05015,  47.4829719253,  19.6683643827, 
1015,  10853,  completed,  eof,  2014-08-08 05:52:04,  2014-08-08 05:52:42,  38,  modelParams|sensorParams|encoders|timestamp_weekend:radius_1.modelParams|sensorParams|encoders|timestamp_timeOfDay:radius_6.25.modelParams|clParams|alpha_0.05005.modelParams|tpParams|minThreshold_11.modelParams|tpParams|activationThreshold_14.modelParams|tpParams|pamLength_3.modelParams|sensorParams|encoders|timestamp_dayOfWeek:radius_2.5.modelParams|sensorParams|encoders|_classifierInput|n_275.modelParams|spParams|synPermInactiveDec_0.05015,  3034,  1,  None,  0.05005,  11,  14,  6.25,  3,  2.5,  275,  0.05015,  102.118969171,  42.2996500556, 
1015,  10864,  completed,  eof,  2014-08-08 05:52:04,  2014-08-08 05:52:36,  32,  modelParams|sensorParams|encoders|hourly_traffic_count:n_22.modelParams|sensorParams|encoders|timestamp_timeOfDay:radius_0.5.modelParams|clParams|alpha_0.0001.modelParams|tpParams|minThreshold_9.modelParams|tpParams|activationThreshold_12.modelParams|tpParams|pamLength_1.modelParams|sensorParams|encoders|timestamp_dayOfWeek:radius_2.5.modelParams|sensorParams|encoders|_classifierInput|n_28.modelParams|spParams|synPermInactiveDec_0.1,  3034,  None,  22,  0.0001,  9,  12,  0.5,  1,  2.5,  28,  0.1,  64.5678635098,  26.7452565715, 
1015,  10865,  completed,  killed,  2014-08-08 05:52:08,  2014-08-08 05:52:36,  28,  modelParams|sensorParams|encoders|hourly_traffic_count:n_101.modelParams|clParams|alpha_0.0158481999092.modelParams|tpParams|minThreshold_10.modelParams|tpParams|activationThreshold_13.modelParams|tpParams|pamLength_2.modelParams|sensorParams|encoders|timestamp_dayOfWeek:radius_1.87927614189.modelParams|sensorParams|encoders|_classifierInput|n_165.modelParams|spParams|synPermInactiveDec_0.0692029752203,  2550,  None,  101,  0.0158481999092,  10,  13,  None,  2,  1.87927614189,  165,  0.0692029752203,  80.4232331215,  32.6723162293, 
1015,  10866,  completed,  killed,  2014-08-08 05:52:11,  2014-08-08 05:52:36,  25,  modelParams|sensorParams|encoders|hourly_traffic_count:n_118.modelParams|clParams|alpha_0.0195857836455.modelParams|tpParams|minThreshold_10.modelParams|tpParams|activationThreshold_13.modelParams|tpParams|pamLength_2.modelParams|sensorParams|encoders|timestamp_dayOfWeek:radius_1.9440775158.modelParams|sensorParams|encoders|_classifierInput|n_175.modelParams|spParams|synPermInactiveDec_0.0702441568394,  2150,  None,  118,  0.0195857836455,  10,  13,  None,  2,  1.9440775158,  175,  0.0702441568394,  84.5432882028,  33.011053315, 
1015,  10867,  completed,  killed,  2014-08-08 05:52:12,  2014-08-08 05:52:36,  24,  modelParams|sensorParams|encoders|hourly_traffic_count:n_120.modelParams|clParams|alpha_0.0199136505498.modelParams|tpParams|minThreshold_10.modelParams|tpParams|activationThreshold_13.modelParams|tpParams|pamLength_2.modelParams|sensorParams|encoders|timestamp_dayOfWeek:radius_1.93709384239.modelParams|sensorParams|encoders|_classifierInput|n_177.modelParams|spParams|synPermInactiveDec_0.0701310826761,  2150,  None,  120,  0.0199136505498,  10,  13,  None,  2,  1.93709384239,  177,  0.0701310826761,  86.9900130834,  33.9664096442, 
1015,  10868,  completed,  killed,  2014-08-08 05:52:24,  2014-08-08 05:52:36,  12,  modelParams|sensorParams|encoders|hourly_traffic_count:n_109.modelParams|clParams|alpha_0.0177721750775.modelParams|tpParams|minThreshold_9.modelParams|tpParams|activationThreshold_12.modelParams|tpParams|pamLength_2.modelParams|sensorParams|encoders|timestamp_dayOfWeek:radius_1.93251488548.modelParams|sensorParams|encoders|_classifierInput|n_162.modelParams|spParams|synPermInactiveDec_0.0695606397489,  1050,  None,  109,  0.0177721750775,  9,  12,  None,  2,  1.93251488548,  162,  0.0695606397489,  98.7896599471,  33.4417686546, 
1015,  10869,  completed,  killed,  2014-08-08 05:52:25,  2014-08-08 05:52:36,  11,  modelParams|sensorParams|encoders|hourly_traffic_count:n_123.modelParams|clParams|alpha_0.0203094760402.modelParams|tpParams|minThreshold_10.modelParams|tpParams|activationThreshold_13.modelParams|tpParams|pamLength_2.modelParams|sensorParams|encoders|timestamp_dayOfWeek:radius_1.94075270191.modelParams|sensorParams|encoders|_classifierInput|n_174.modelParams|spParams|synPermInactiveDec_0.0703022348482,  1000,  None,  123,  0.0203094760402,  10,  13,  None,  2,  1.94075270191,  174,  0.0703022348482,  100.687661304,  34.0620624922, 
1015,  10870,  completed,  eof,  2014-08-08 05:52:36,  2014-08-08 05:53:11,  35,  modelParams|sensorParams|encoders|timestamp_weekend:radius_1.modelParams|sensorParams|encoders|timestamp_timeOfDay:radius_0.5.modelParams|clParams|alpha_0.0001.modelParams|tpParams|minThreshold_9.modelParams|tpParams|activationThreshold_12.modelParams|tpParams|pamLength_1.modelParams|sensorParams|encoders|timestamp_dayOfWeek:radius_2.5.modelParams|sensorParams|encoders|_classifierInput|n_28.modelParams|spParams|synPermInactiveDec_0.1,  3034,  1,  None,  0.0001,  9,  12,  0.5,  1,  2.5,  28,  0.1,  62.888883343,  26.0497905471, 
1015,  10879,  completed,  eof,  2014-08-08 05:52:36,  2014-08-08 05:54:09,  93,  modelParams|sensorParams|encoders|hourly_traffic_count:n_521.modelParams|sensorParams|encoders|timestamp_timeOfDay:radius_12.0.modelParams|clParams|alpha_0.1.modelParams|tpParams|minThreshold_12.modelParams|tpParams|activationThreshold_16.modelParams|tpParams|pamLength_5.modelParams|sensorParams|encoders|timestamp_dayOfWeek:radius_2.5.modelParams|sensorParams|encoders|_classifierInput|n_521.modelParams|spParams|synPermInactiveDec_0.0003,  3034,  None,  521,  0.1,  12,  16,  12.0,  5,  2.5,  521,  0.0003,  83.8637888856,  34.7380016758, 
1015,  10882,  completed,  eof,  2014-08-08 05:52:36,  2014-08-08 05:53:19,  43,  modelParams|sensorParams|encoders|timestamp_weekend:radius_1.modelParams|sensorParams|encoders|timestamp_timeOfDay:radius_12.0.modelParams|clParams|alpha_0.1.modelParams|tpParams|minThreshold_12.modelParams|tpParams|activationThreshold_16.modelParams|tpParams|pamLength_5.modelParams|sensorParams|encoders|timestamp_dayOfWeek:radius_2.5.modelParams|sensorParams|encoders|_classifierInput|n_521.modelParams|spParams|synPermInactiveDec_0.0003,  3034,  1,  None,  0.1,  12,  16,  12.0,  5,  2.5,  521,  0.0003,  124.958144255,  51.7600776475, 
1015,  10893,  completed,  eof,  2014-08-08 05:52:36,  2014-08-08 05:53:16,  40,  modelParams|sensorParams|encoders|hourly_traffic_count:n_147.modelParams|sensorParams|encoders|timestamp_timeOfDay:radius_9.125.modelParams|clParams|alpha_0.025075.modelParams|tpParams|minThreshold_10.modelParams|tpParams|activationThreshold_13.modelParams|tpParams|pamLength_2.modelParams|sensorParams|encoders|timestamp_dayOfWeek:radius_2.0.modelParams|sensorParams|encoders|_classifierInput|n_151.modelParams|spParams|synPermInactiveDec_0.075075,  3034,  None,  147,  0.025075,  10,  13,  9.125,  2,  2.0,  151,  0.075075,  62.2385332515,  25.7804029739, 
1015,  10914,  completed,  eof,  2014-08-08 05:52:36,  2014-08-08 05:53:06,  30,  modelParams|sensorParams|encoders|timestamp_weekend:radius_1.modelParams|sensorParams|encoders|timestamp_timeOfDay:radius_9.125.modelParams|clParams|alpha_0.025075.modelParams|tpParams|minThreshold_10.modelParams|tpParams|activationThreshold_13.modelParams|tpParams|pamLength_2.modelParams|sensorParams|encoders|timestamp_dayOfWeek:radius_2.0.modelParams|sensorParams|encoders|_classifierInput|n_151.modelParams|spParams|synPermInactiveDec_0.075075,  3034,  1,  None,  0.025075,  10,  13,  9.125,  2,  2.0,  151,  0.075075,  136.818306388,  56.6727859512, 
1015,  10917,  completed,  eof,  2014-08-08 05:52:36,  2014-08-08 05:53:22,  46,  modelParams|sensorParams|encoders|hourly_traffic_count:n_396.modelParams|sensorParams|encoders|timestamp_timeOfDay:radius_3.375.modelParams|clParams|alpha_0.075025.modelParams|tpParams|minThreshold_11.modelParams|tpParams|activationThreshold_15.modelParams|tpParams|pamLength_4.modelParams|sensorParams|encoders|timestamp_dayOfWeek:radius_2.5.modelParams|sensorParams|encoders|_classifierInput|n_398.modelParams|spParams|synPermInactiveDec_0.025225,  3034,  None,  396,  0.075025,  11,  15,  3.375,  4,  2.5,  398,  0.025225,  44.0531479569,  18.2476650278, 
1015,  10926,  completed,  eof,  2014-08-08 05:52:36,  2014-08-08 05:53:26,  50,  modelParams|sensorParams|encoders|timestamp_weekend:radius_1.modelParams|sensorParams|encoders|timestamp_timeOfDay:radius_3.375.modelParams|clParams|alpha_0.075025.modelParams|tpParams|minThreshold_11.modelParams|tpParams|activationThreshold_15.modelParams|tpParams|pamLength_4.modelParams|sensorParams|encoders|timestamp_dayOfWeek:radius_2.5.modelParams|sensorParams|encoders|_classifierInput|n_398.modelParams|spParams|synPermInactiveDec_0.025225,  3034,  1,  None,  0.075025,  11,  15,  3.375,  4,  2.5,  398,  0.025225,  91.455995077,  37.8828401681, 
1015,  10937,  completed,  eof,  2014-08-08 05:52:37,  2014-08-08 05:53:07,  30,  modelParams|sensorParams|encoders|hourly_traffic_count:n_22.modelParams|sensorParams|encoders|timestamp_timeOfDay:radius_1.075.modelParams|clParams|alpha_0.0001.modelParams|tpParams|minThreshold_9.modelParams|tpParams|activationThreshold_12.modelParams|tpParams|pamLength_1.modelParams|sensorParams|encoders|timestamp_dayOfWeek:radius_2.5625.modelParams|sensorParams|encoders|_classifierInput|n_28.modelParams|spParams|synPermInactiveDec_0.095015,  3034,  None,  22,  0.0001,  9,  12,  1.075,  1,  2.5625,  28,  0.095015,  61.6397756236,  25.5323859959, 
1015,  10938,  completed,  eof,  2014-08-08 05:52:43,  2014-08-08 05:53:23,  40,  modelParams|sensorParams|encoders|timestamp_weekend:radius_1.modelParams|sensorParams|encoders|timestamp_timeOfDay:radius_6.825.modelParams|clParams|alpha_0.055045.modelParams|tpParams|minThreshold_11.modelParams|tpParams|activationThreshold_14.modelParams|tpParams|pamLength_3.modelParams|sensorParams|encoders|timestamp_dayOfWeek:radius_2.5625.modelParams|sensorParams|encoders|_classifierInput|n_299.modelParams|spParams|synPermInactiveDec_0.055135,  3034,  1,  None,  0.055045,  11,  14,  6.825,  3,  2.5625,  299,  0.055135,  112.225486172,  46.485964664, 
1015,  10939,  completed,  eof,  2014-08-08 05:52:46,  2014-08-08 05:53:32,  46,  modelParams|sensorParams|encoders|hourly_traffic_count:n_296.modelParams|sensorParams|encoders|timestamp_timeOfDay:radius_6.825.modelParams|clParams|alpha_0.055045.modelParams|tpParams|minThreshold_11.modelParams|tpParams|activationThreshold_14.modelParams|tpParams|pamLength_3.modelParams|sensorParams|encoders|timestamp_dayOfWeek:radius_2.5625.modelParams|sensorParams|encoders|_classifierInput|n_299.modelParams|spParams|synPermInactiveDec_0.055135,  3034,  None,  296,  0.055045,  11,  14,  6.825,  3,  2.5625,  299,  0.055135,  46.9611214392,  19.4522038287, 
1015,  10940,  completed,  eof,  2014-08-08 05:53:06,  2014-08-08 05:53:45,  39,  modelParams|sensorParams|encoders|timestamp_weekend:radius_1.modelParams|sensorParams|encoders|timestamp_timeOfDay:radius_7.08371628388.modelParams|clParams|alpha_0.0574073474295.modelParams|tpParams|minThreshold_11.modelParams|tpParams|activationThreshold_14.modelParams|tpParams|pamLength_3.modelParams|sensorParams|encoders|timestamp_dayOfWeek:radius_2.34280719394.modelParams|sensorParams|encoders|_classifierInput|n_307.modelParams|spParams|synPermInactiveDec_0.0479522069983,  3034,  1,  None,  0.0574073474295,  11,  14,  7.08371628388,  3,  2.34280719394,  307,  0.0479522069983,  103.551856532,  42.8931796852, 
1015,  10941,  completed,  eof,  2014-08-08 05:53:07,  2014-08-08 05:53:52,  45,  modelParams|sensorParams|encoders|hourly_traffic_count:n_218.modelParams|sensorParams|encoders|timestamp_timeOfDay:radius_5.82079622797.modelParams|clParams|alpha_0.0523317057587.modelParams|tpParams|minThreshold_11.modelParams|tpParams|activationThreshold_14.modelParams|tpParams|pamLength_3.modelParams|sensorParams|encoders|timestamp_dayOfWeek:radius_2.52315405873.modelParams|sensorParams|encoders|_classifierInput|n_273.modelParams|spParams|synPermInactiveDec_0.0473017880372,  3034,  None,  218,  0.0523317057587,  11,  14,  5.82079622797,  3,  2.52315405873,  273,  0.0473017880372,  50.7563767169,  21.0242718923, 
1015,  10942,  completed,  eof,  2014-08-08 05:53:11,  2014-08-08 05:53:58,  47,  modelParams|sensorParams|encoders|hourly_traffic_count:n_308.modelParams|sensorParams|encoders|timestamp_timeOfDay:radius_7.04534734442.modelParams|clParams|alpha_0.0558225870527.modelParams|tpParams|minThreshold_11.modelParams|tpParams|activationThreshold_15.modelParams|tpParams|pamLength_4.modelParams|sensorParams|encoders|timestamp_dayOfWeek:radius_2.58861320892.modelParams|sensorParams|encoders|_classifierInput|n_305.modelParams|spParams|synPermInactiveDec_0.0563426145763,  3034,  None,  308,  0.0558225870527,  11,  15,  7.04534734442,  4,  2.58861320892,  305,  0.0563426145763,  46.4207950446,  19.2283901965, 
1015,  10943,  completed,  eof,  2014-08-08 05:53:16,  2014-08-08 05:53:46,  30,  modelParams|sensorParams|encoders|hourly_traffic_count:n_22.modelParams|sensorParams|encoders|timestamp_timeOfDay:radius_1.075.modelParams|clParams|alpha_0.0001.modelParams|tpParams|minThreshold_9.modelParams|tpParams|activationThreshold_12.modelParams|tpParams|pamLength_1.modelParams|sensorParams|encoders|timestamp_dayOfWeek:radius_2.5625.modelParams|sensorParams|encoders|_classifierInput|n_28.modelParams|spParams|synPermInactiveDec_0.095015,  3034,  None,  22,  0.0001,  9,  12,  1.075,  1,  2.5625,  28,  0.095015,  61.6397756236,  25.5323859959, 
1015,  10944,  completed,  eof,  2014-08-08 05:53:20,  2014-08-08 05:54:02,  42,  modelParams|sensorParams|encoders|hourly_traffic_count:n_287.modelParams|sensorParams|encoders|timestamp_timeOfDay:radius_6.4876346057.modelParams|clParams|alpha_0.0492287234796.modelParams|tpParams|minThreshold_11.modelParams|tpParams|activationThreshold_14.modelParams|tpParams|pamLength_3.modelParams|sensorParams|encoders|timestamp_dayOfWeek:radius_2.53188681273.modelParams|sensorParams|encoders|_classifierInput|n_276.modelParams|spParams|synPermInactiveDec_0.0503652733782,  3034,  None,  287,  0.0492287234796,  11,  14,  6.4876346057,  3,  2.53188681273,  276,  0.0503652733782,  46.9178038606,  19.4342608507, 
1015,  10945,  completed,  eof,  2014-08-08 05:53:22,  2014-08-08 05:53:56,  34,  modelParams|sensorParams|encoders|timestamp_weekend:radius_1.modelParams|sensorParams|encoders|timestamp_timeOfDay:radius_0.5.modelParams|clParams|alpha_0.0001.modelParams|tpParams|minThreshold_9.modelParams|tpParams|activationThreshold_12.modelParams|tpParams|pamLength_1.modelParams|sensorParams|encoders|timestamp_dayOfWeek:radius_2.5625.modelParams|sensorParams|encoders|_classifierInput|n_28.modelParams|spParams|synPermInactiveDec_0.095015,  3034,  1,  None,  0.0001,  9,  12,  0.5,  1,  2.5625,  28,  0.095015,  64.0726624838,  26.5401347388, 
1015,  10946,  completed,  eof,  2014-08-08 05:53:23,  2014-08-08 05:53:54,  31,  modelParams|sensorParams|encoders|timestamp_weekend:radius_1.modelParams|sensorParams|encoders|timestamp_timeOfDay:radius_2.1098651355.modelParams|clParams|alpha_0.0001.modelParams|tpParams|minThreshold_9.modelParams|tpParams|activationThreshold_12.modelParams|tpParams|pamLength_1.modelParams|sensorParams|encoders|timestamp_dayOfWeek:radius_2.5625.modelParams|sensorParams|encoders|_classifierInput|n_28.modelParams|spParams|synPermInactiveDec_0.093836172007,  3034,  1,  None,  0.0001,  9,  12,  2.1098651355,  1,  2.5625,  28,  0.093836172007,  93.7838757105,  38.8470933031, 
1015,  10947,  completed,  eof,  2014-08-08 05:53:26,  2014-08-08 05:53:55,  29,  modelParams|sensorParams|encoders|timestamp_weekend:radius_1.modelParams|sensorParams|encoders|timestamp_timeOfDay:radius_1.33371628388.modelParams|clParams|alpha_0.0001.modelParams|tpParams|minThreshold_9.modelParams|tpParams|activationThreshold_12.modelParams|tpParams|pamLength_1.modelParams|sensorParams|encoders|timestamp_dayOfWeek:radius_2.5625.modelParams|sensorParams|encoders|_classifierInput|n_30.modelParams|spParams|synPermInactiveDec_0.0866533790052,  3034,  1,  None,  0.0001,  9,  12,  1.33371628388,  1,  2.5625,  30,  0.0866533790052,  69.8882027106,  28.9490438619, 
1015,  10948,  completed,  killed,  2014-08-08 05:53:32,  2014-08-08 05:53:56,  24,  modelParams|sensorParams|encoders|timestamp_weekend:radius_1.modelParams|sensorParams|encoders|timestamp_timeOfDay:radius_1.0964877061.modelParams|clParams|alpha_0.0001.modelParams|tpParams|minThreshold_9.modelParams|tpParams|activationThreshold_12.modelParams|tpParams|pamLength_1.modelParams|sensorParams|encoders|timestamp_dayOfWeek:radius_2.51180313021.modelParams|sensorParams|encoders|_classifierInput|n_28.modelParams|spParams|synPermInactiveDec_0.0949606240751,  2200,  1,  None,  0.0001,  9,  12,  1.0964877061,  1,  2.51180313021,  28,  0.0949606240751,  78.483973981,  30.9354967564, 
1015,  10949,  completed,  eof,  2014-08-08 05:53:45,  2014-08-08 05:54:30,  45,  modelParams|sensorParams|encoders|hourly_traffic_count:n_323.modelParams|sensorParams|encoders|timestamp_timeOfDay:radius_3.43661530226.modelParams|clParams|alpha_0.0835504557587.modelParams|tpParams|minThreshold_11.modelParams|tpParams|activationThreshold_15.modelParams|tpParams|pamLength_4.modelParams|sensorParams|encoders|timestamp_dayOfWeek:radius_2.37726753014.modelParams|sensorParams|encoders|_classifierInput|n_427.modelParams|spParams|synPermInactiveDec_0.0184600422635,  3034,  None,  323,  0.0835504557587,  11,  15,  3.43661530226,  4,  2.37726753014,  427,  0.0184600422635,  45.7800256784,  18.9629711448, 
1015,  10950,  completed,  killed,  2014-08-08 05:53:46,  2014-08-08 05:53:56,  10,  modelParams|sensorParams|encoders|timestamp_weekend:radius_1.modelParams|sensorParams|encoders|timestamp_timeOfDay:radius_0.582136326988.modelParams|clParams|alpha_0.00276247164651.modelParams|tpParams|minThreshold_9.modelParams|tpParams|activationThreshold_13.modelParams|tpParams|pamLength_2.modelParams|sensorParams|encoders|timestamp_dayOfWeek:radius_2.55593174269.modelParams|sensorParams|encoders|_classifierInput|n_51.modelParams|spParams|synPermInactiveDec_0.0873991222953,  850,  1,  None,  0.00276247164651,  9,  13,  0.582136326988,  2,  2.55593174269,  51,  0.0873991222953,  85.2973576177,  28.7115645686, 
1015,  10951,  completed,  eof,  2014-08-08 05:53:52,  2014-08-08 05:54:37,  45,  modelParams|sensorParams|encoders|hourly_traffic_count:n_371.modelParams|sensorParams|encoders|timestamp_timeOfDay:radius_3.95.modelParams|clParams|alpha_0.08002.modelParams|tpParams|minThreshold_10.modelParams|tpParams|activationThreshold_15.modelParams|tpParams|pamLength_4.modelParams|sensorParams|encoders|timestamp_dayOfWeek:radius_2.5625.modelParams|sensorParams|encoders|_classifierInput|n_422.modelParams|spParams|synPermInactiveDec_0.02024,  3034,  None,  371,  0.08002,  10,  15,  3.95,  4,  2.5625,  422,  0.02024,  46.174794658,  19.1264920834, 
1015,  10952,  completed,  killed,  2014-08-08 05:53:54,  2014-08-08 05:53:58,  4,  modelParams|sensorParams|encoders|timestamp_weekend:radius_1.modelParams|sensorParams|encoders|timestamp_timeOfDay:radius_0.5.modelParams|clParams|alpha_0.0001.modelParams|tpParams|minThreshold_9.modelParams|tpParams|activationThreshold_12.modelParams|tpParams|pamLength_1.modelParams|sensorParams|encoders|timestamp_dayOfWeek:radius_2.52746160076.modelParams|sensorParams|encoders|_classifierInput|n_28.modelParams|spParams|synPermInactiveDec_0.1,  50,  1,  None,  0.0001,  9,  12,  0.5,  1,  2.52746160076,  28,  0.1,  107.587310095,  32.9547927403, 
1015,  10953,  completed,  eof,  2014-08-08 05:53:55,  2014-08-08 05:54:39,  44,  modelParams|sensorParams|encoders|hourly_traffic_count:n_384.modelParams|sensorParams|encoders|timestamp_timeOfDay:radius_3.90071918135.modelParams|clParams|alpha_0.0776859323035.modelParams|tpParams|minThreshold_11.modelParams|tpParams|activationThreshold_15.modelParams|tpParams|pamLength_4.modelParams|sensorParams|encoders|timestamp_dayOfWeek:radius_2.52315405873.modelParams|sensorParams|encoders|_classifierInput|n_406.modelParams|spParams|synPermInactiveDec_0.0254032753581,  3034,  None,  384,  0.0776859323035,  11,  15,  3.90071918135,  4,  2.52315405873,  406,  0.0254032753581,  45.7702049414,  18.9589032058, 
1015,  10954,  completed,  eof,  2014-08-08 05:53:56,  2014-08-08 05:54:38,  42,  modelParams|sensorParams|encoders|hourly_traffic_count:n_319.modelParams|sensorParams|encoders|timestamp_timeOfDay:radius_3.2641038791.modelParams|clParams|alpha_0.0790719336381.modelParams|tpParams|minThreshold_11.modelParams|tpParams|activationThreshold_14.modelParams|tpParams|pamLength_4.modelParams|sensorParams|encoders|timestamp_dayOfWeek:radius_2.52315405873.modelParams|sensorParams|encoders|_classifierInput|n_398.modelParams|spParams|synPermInactiveDec_0.0214868091689,  3034,  None,  319,  0.0790719336381,  11,  14,  3.2641038791,  4,  2.52315405873,  398,  0.0214868091689,  46.3714756076,  19.2079611328, 
1015,  10955,  completed,  eof,  2014-08-08 05:53:56,  2014-08-08 05:54:42,  46,  modelParams|sensorParams|encoders|hourly_traffic_count:n_412.modelParams|sensorParams|encoders|timestamp_timeOfDay:radius_4.83223711002.modelParams|clParams|alpha_0.0896868838238.modelParams|tpParams|minThreshold_11.modelParams|tpParams|activationThreshold_15.modelParams|tpParams|pamLength_4.modelParams|sensorParams|encoders|timestamp_dayOfWeek:radius_2.49295276697.modelParams|sensorParams|encoders|_classifierInput|n_462.modelParams|spParams|synPermInactiveDec_0.0125084171765,  3034,  None,  412,  0.0896868838238,  11,  15,  4.83223711002,  4,  2.49295276697,  462,  0.0125084171765,  47.6542603162,  19.7393153436, 
1015,  10956,  completed,  eof,  2014-08-08 05:53:56,  2014-08-08 05:54:41,  45,  modelParams|sensorParams|encoders|hourly_traffic_count:n_218.modelParams|sensorParams|encoders|timestamp_timeOfDay:radius_5.82079622797.modelParams|clParams|alpha_0.0523317057587.modelParams|tpParams|minThreshold_11.modelParams|tpParams|activationThreshold_14.modelParams|tpParams|pamLength_3.modelParams|sensorParams|encoders|timestamp_dayOfWeek:radius_2.52315405873.modelParams|sensorParams|encoders|_classifierInput|n_273.modelParams|spParams|synPermInactiveDec_0.0473017880372,  3034,  None,  218,  0.0523317057587,  11,  14,  5.82079622797,  3,  2.52315405873,  273,  0.0473017880372,  50.7563767169,  21.0242718923, 
1015,  10957,  completed,  eof,  2014-08-08 05:53:58,  2014-08-08 05:54:39,  41,  modelParams|sensorParams|encoders|hourly_traffic_count:n_319.modelParams|sensorParams|encoders|timestamp_timeOfDay:radius_3.2641038791.modelParams|clParams|alpha_0.0790719336381.modelParams|tpParams|minThreshold_11.modelParams|tpParams|activationThreshold_14.modelParams|tpParams|pamLength_4.modelParams|sensorParams|encoders|timestamp_dayOfWeek:radius_2.52315405873.modelParams|sensorParams|encoders|_classifierInput|n_398.modelParams|spParams|synPermInactiveDec_0.0214868091689,  3034,  None,  319,  0.0790719336381,  11,  14,  3.2641038791,  4,  2.52315405873,  398,  0.0214868091689,  46.3714756076,  19.2079611328, 
1015,  10958,  completed,  eof,  2014-08-08 05:53:59,  2014-08-08 05:54:44,  45,  modelParams|sensorParams|encoders|hourly_traffic_count:n_382.modelParams|sensorParams|encoders|timestamp_timeOfDay:radius_3.83645192898.modelParams|clParams|alpha_0.0765766193732.modelParams|tpParams|minThreshold_11.modelParams|tpParams|activationThreshold_15.modelParams|tpParams|pamLength_4.modelParams|sensorParams|encoders|timestamp_dayOfWeek:radius_2.5172030871.modelParams|sensorParams|encoders|_classifierInput|n_402.modelParams|spParams|synPermInactiveDec_0.0244158095858,  3034,  None,  382,  0.0765766193732,  11,  15,  3.83645192898,  4,  2.5172030871,  402,  0.0244158095858,  44.8156106325,  18.5634917995, 
1015,  10959,  completed,  eof,  2014-08-08 05:54:02,  2014-08-08 05:54:46,  44,  modelParams|sensorParams|encoders|hourly_traffic_count:n_370.modelParams|sensorParams|encoders|timestamp_timeOfDay:radius_3.58018934929.modelParams|clParams|alpha_0.0751998096422.modelParams|tpParams|minThreshold_11.modelParams|tpParams|activationThreshold_15.modelParams|tpParams|pamLength_4.modelParams|sensorParams|encoders|timestamp_dayOfWeek:radius_2.48965964392.modelParams|sensorParams|encoders|_classifierInput|n_393.modelParams|spParams|synPermInactiveDec_0.0228329992221,  3034,  None,  370,  0.0751998096422,  11,  15,  3.58018934929,  4,  2.48965964392,  393,  0.0228329992221,  43.5837677825,  18.0532386908, 
1015,  10960,  completed,  eof,  2014-08-08 05:54:09,  2014-08-08 05:54:56,  47,  modelParams|sensorParams|encoders|hourly_traffic_count:n_395.modelParams|sensorParams|encoders|timestamp_timeOfDay:radius_4.90492295339.modelParams|clParams|alpha_0.0682647721206.modelParams|tpParams|minThreshold_11.modelParams|tpParams|activationThreshold_15.modelParams|tpParams|pamLength_4.modelParams|sensorParams|encoders|timestamp_dayOfWeek:radius_2.5625.modelParams|sensorParams|encoders|_classifierInput|n_371.modelParams|spParams|synPermInactiveDec_0.0310999788682,  3034,  None,  395,  0.0682647721206,  11,  15,  4.90492295339,  4,  2.5625,  371,  0.0310999788682,  45.2874873451,  18.7589522509, 
1015,  10961,  completed,  killed,  2014-08-08 05:54:30,  2014-08-08 05:54:56,  26,  modelParams|sensorParams|encoders|hourly_traffic_count:n_427.modelParams|sensorParams|encoders|timestamp_timeOfDay:radius_1.95972560718.modelParams|clParams|alpha_0.0890412864746.modelParams|tpParams|minThreshold_11.modelParams|tpParams|activationThreshold_15.modelParams|tpParams|pamLength_5.modelParams|sensorParams|encoders|timestamp_dayOfWeek:radius_2.57953192295.modelParams|sensorParams|encoders|_classifierInput|n_467.modelParams|spParams|synPermInactiveDec_0.0113128119974,  1750,  None,  427,  0.0890412864746,  11,  15,  1.95972560718,  5,  2.57953192295,  467,  0.0113128119974,  49.8955665094,  17.9468834786, 
1015,  10962,  completed,  killed,  2014-08-08 05:54:37,  2014-08-08 05:54:56,  19,  modelParams|sensorParams|encoders|hourly_traffic_count:n_392.modelParams|sensorParams|encoders|timestamp_timeOfDay:radius_3.45159734442.modelParams|clParams|alpha_0.0745538370527.modelParams|tpParams|minThreshold_11.modelParams|tpParams|activationThreshold_15.modelParams|tpParams|pamLength_4.modelParams|sensorParams|encoders|timestamp_dayOfWeek:radius_2.51048820892.modelParams|sensorParams|encoders|_classifierInput|n_398.modelParams|spParams|synPermInactiveDec_0.0252636354237,  1350,  None,  392,  0.0745538370527,  11,  15,  3.45159734442,  4,  2.51048820892,  398,  0.0252636354237,  65.6716212673,  22.2768960564, 
1015,  10963,  completed,  killed,  2014-08-08 05:54:38,  2014-08-08 05:54:56,  18,  modelParams|sensorParams|encoders|hourly_traffic_count:n_455.modelParams|sensorParams|encoders|timestamp_timeOfDay:radius_3.9099980276.modelParams|clParams|alpha_0.0944819469697.modelParams|tpParams|minThreshold_11.modelParams|tpParams|activationThreshold_16.modelParams|tpParams|pamLength_5.modelParams|sensorParams|encoders|timestamp_dayOfWeek:radius_2.49295276697.modelParams|sensorParams|encoders|_classifierInput|n_491.modelParams|spParams|synPermInactiveDec_0.00697642915663,  1150,  None,  455,  0.0944819469697,  11,  16,  3.9099980276,  5,  2.49295276697,  491,  0.00697642915663,  78.5080202779,  26.5483622105, 
1015,  10964,  completed,  killed,  2014-08-08 05:54:39,  2014-08-08 05:54:56,  17,  modelParams|sensorParams|encoders|hourly_traffic_count:n_455.modelParams|sensorParams|encoders|timestamp_timeOfDay:radius_3.9099980276.modelParams|clParams|alpha_0.0944819469697.modelParams|tpParams|minThreshold_11.modelParams|tpParams|activationThreshold_16.modelParams|tpParams|pamLength_5.modelParams|sensorParams|encoders|timestamp_dayOfWeek:radius_2.49295276697.modelParams|sensorParams|encoders|_classifierInput|n_491.modelParams|spParams|synPermInactiveDec_0.00697642915663,  1050,  None,  455,  0.0944819469697,  11,  16,  3.9099980276,  5,  2.49295276697,  491,  0.00697642915663,  76.9811757252,  26.0592725062, 
1015,  10965,  completed,  killed,  2014-08-08 05:54:39,  2014-08-08 05:54:56,  17,  modelParams|sensorParams|encoders|hourly_traffic_count:n_415.modelParams|sensorParams|encoders|timestamp_timeOfDay:radius_2.702135165.modelParams|clParams|alpha_0.0804971589262.modelParams|tpParams|minThreshold_11.modelParams|tpParams|activationThreshold_15.modelParams|tpParams|pamLength_5.modelParams|sensorParams|encoders|timestamp_dayOfWeek:radius_2.49295276697.modelParams|sensorParams|encoders|_classifierInput|n_425.modelParams|spParams|synPermInactiveDec_0.0177857032908,  1200,  None,  415,  0.0804971589262,  11,  15,  2.702135165,  5,  2.49295276697,  425,  0.0177857032908,  61.0139335952,  20.6528652167, 
1015,  10966,  completed,  killed,  2014-08-08 05:54:41,  2014-08-08 05:54:56,  15,  modelParams|sensorParams|encoders|hourly_traffic_count:n_406.modelParams|sensorParams|encoders|timestamp_timeOfDay:radius_2.09937738874.modelParams|clParams|alpha_0.0807909803433.modelParams|tpParams|minThreshold_12.modelParams|tpParams|activationThreshold_15.modelParams|tpParams|pamLength_5.modelParams|sensorParams|encoders|timestamp_dayOfWeek:radius_2.46382354173.modelParams|sensorParams|encoders|_classifierInput|n_399.modelParams|spParams|synPermInactiveDec_0.0213029344682,  1050,  None,  406,  0.0807909803433,  12,  15,  2.09937738874,  5,  2.46382354173,  399,  0.0213029344682,  54.6215412901,  18.4902038164, 
1015,  10967,  completed,  killed,  2014-08-08 05:54:42,  2014-08-08 05:54:56,  14,  modelParams|sensorParams|encoders|hourly_traffic_count:n_447.modelParams|sensorParams|encoders|timestamp_timeOfDay:radius_3.28919925412.modelParams|clParams|alpha_0.0833274955737.modelParams|tpParams|minThreshold_11.modelParams|tpParams|activationThreshold_15.modelParams|tpParams|pamLength_5.modelParams|sensorParams|encoders|timestamp_dayOfWeek:radius_2.49160073256.modelParams|sensorParams|encoders|_classifierInput|n_444.modelParams|spParams|synPermInactiveDec_0.0169807190698,  950,  None,  447,  0.0833274955737,  11,  15,  3.28919925412,  5,  2.49160073256,  444,  0.0169807190698,  63.3895861394,  21.4631553724, 
1015,  10968,  completed,  killed,  2014-08-08 05:54:44,  2014-08-08 05:54:56,  12,  modelParams|sensorParams|encoders|hourly_traffic_count:n_412.modelParams|sensorParams|encoders|timestamp_timeOfDay:radius_2.62386612166.modelParams|clParams|alpha_0.080103839941.modelParams|tpParams|minThreshold_11.modelParams|tpParams|activationThreshold_15.modelParams|tpParams|pamLength_4.modelParams|sensorParams|encoders|timestamp_dayOfWeek:radius_2.4842198384.modelParams|sensorParams|encoders|_classifierInput|n_422.modelParams|spParams|synPermInactiveDec_0.0172721919267,  800,  None,  412,  0.080103839941,  11,  15,  2.62386612166,  4,  2.4842198384,  422,  0.0172721919267,  57.0444007442,  19.3167606238, 
1015,  10969,  completed,  killed,  2014-08-08 05:54:46,  2014-08-08 05:54:56,  10,  modelParams|sensorParams|encoders|hourly_traffic_count:n_391.modelParams|sensorParams|encoders|timestamp_timeOfDay:radius_2.85332803519.modelParams|clParams|alpha_0.0816925811828.modelParams|tpParams|minThreshold_11.modelParams|tpParams|activationThreshold_15.modelParams|tpParams|pamLength_4.modelParams|sensorParams|encoders|timestamp_dayOfWeek:radius_2.47910285172.modelParams|sensorParams|encoders|_classifierInput|n_422.modelParams|spParams|synPermInactiveDec_0.0159499306831,  700,  None,  391,  0.0816925811828,  11,  15,  2.85332803519,  4,  2.47910285172,  422,  0.0159499306831,  64.7142685359,  21.8521558344, 
