jobID,  modelID,  status,  completionReason,  startTime,  endTime,  runtime(s),  expDesc,  numRecords,  modelParams|sensorParams|encoders|timestamp_weekend:radius,  modelParams|sensorParams|encoders|timestamp_timeOfDay:radius,  modelParams|clParams|alpha,  modelParams|tpParams|minThreshold,  modelParams|tpParams|activationThreshold,  modelParams|tpParams|pamLength,  modelParams|sensorParams|encoders|timestamp_dayOfWeek:radius,  modelParams|sensorParams|encoders|kw_energy_consumption:n,  modelParams|sensorParams|encoders|_classifierInput|n,  modelParams|spParams|synPermInactiveDec,  multiStepBestPredictions:multiStep:errorMetric='aae':steps=[1]:window=1000:field=kw_energy_consumption,  multiStepBestPredictions:multiStep:errorMetric='altMAPE':steps=[1]:window=1000:field=kw_energy_consumption, 
1001,  1299,  completed,  eof,  2014-08-07 16:31:40,  2014-08-07 16:32:53,  73,  modelParams|clParams|alpha_0.05005.modelParams|tpParams|minThreshold_11.modelParams|tpParams|activationThreshold_14.modelParams|tpParams|pamLength_3.modelParams|sensorParams|encoders|kw_energy_consumption:n_272.modelParams|sensorParams|encoders|_classifierInput|n_275.modelParams|spParams|synPermInactiveDec_0.05015,  4391,  None,  None,  0.05005,  11,  14,  3,  None,  272,  275,  0.05015,  10.1484045352,  29.0758570423, 
1001,  1330,  completed,  eof,  2014-08-07 16:31:41,  2014-08-07 16:32:27,  46,  modelParams|clParams|alpha_0.05005.modelParams|tpParams|minThreshold_11.modelParams|tpParams|activationThreshold_14.modelParams|tpParams|pamLength_3.modelParams|sensorParams|encoders|timestamp_dayOfWeek:radius_3.5.modelParams|sensorParams|encoders|_classifierInput|n_275.modelParams|spParams|synPermInactiveDec_0.05015,  4391,  None,  None,  0.05005,  11,  14,  3,  3.5,  None,  275,  0.05015,  21.5175316071,  61.6491657129, 
1001,  1351,  completed,  eof,  2014-08-07 16:31:41,  2014-08-07 16:32:23,  42,  modelParams|sensorParams|encoders|timestamp_timeOfDay:radius_6.25.modelParams|clParams|alpha_0.05005.modelParams|tpParams|minThreshold_11.modelParams|tpParams|activationThreshold_14.modelParams|tpParams|pamLength_3.modelParams|sensorParams|encoders|_classifierInput|n_275.modelParams|spParams|synPermInactiveDec_0.05015,  4391,  None,  6.25,  0.05005,  11,  14,  3,  None,  None,  275,  0.05015,  8.61629869348,  24.6862714407, 
1001,  1362,  completed,  eof,  2014-08-07 16:31:41,  2014-08-07 16:32:24,  43,  modelParams|sensorParams|encoders|timestamp_weekend:radius_1.modelParams|clParams|alpha_0.05005.modelParams|tpParams|minThreshold_11.modelParams|tpParams|activationThreshold_14.modelParams|tpParams|pamLength_3.modelParams|sensorParams|encoders|_classifierInput|n_275.modelParams|spParams|synPermInactiveDec_0.05015,  4391,  1,  None,  0.05005,  11,  14,  3,  None,  None,  275,  0.05015,  17.0245360324,  48.7764331992, 
1001,  1363,  completed,  eof,  2014-08-07 16:32:23,  2014-08-07 16:33:08,  45,  modelParams|clParams|alpha_0.0001.modelParams|tpParams|minThreshold_9.modelParams|tpParams|activationThreshold_12.modelParams|tpParams|pamLength_1.modelParams|sensorParams|encoders|kw_energy_consumption:n_22.modelParams|sensorParams|encoders|_classifierInput|n_28.modelParams|spParams|synPermInactiveDec_0.1,  4391,  None,  None,  0.0001,  9,  12,  1,  None,  22,  28,  0.1,  10.5368425724,  30.1887579717, 
1001,  1364,  completed,  eof,  2014-08-07 16:32:24,  2014-08-07 16:33:05,  41,  modelParams|clParams|alpha_0.0001.modelParams|tpParams|minThreshold_9.modelParams|tpParams|activationThreshold_12.modelParams|tpParams|pamLength_1.modelParams|sensorParams|encoders|timestamp_dayOfWeek:radius_1.0.modelParams|sensorParams|encoders|_classifierInput|n_28.modelParams|spParams|synPermInactiveDec_0.1,  4391,  None,  None,  0.0001,  9,  12,  1,  1.0,  None,  28,  0.1,  20.4467128008,  58.5811982879, 
1001,  1365,  completed,  eof,  2014-08-07 16:32:27,  2014-08-07 16:33:13,  46,  modelParams|sensorParams|encoders|timestamp_timeOfDay:radius_0.5.modelParams|clParams|alpha_0.0001.modelParams|tpParams|minThreshold_9.modelParams|tpParams|activationThreshold_12.modelParams|tpParams|pamLength_1.modelParams|sensorParams|encoders|_classifierInput|n_28.modelParams|spParams|synPermInactiveDec_0.1,  4391,  None,  0.5,  0.0001,  9,  12,  1,  None,  None,  28,  0.1,  11.2511322621,  32.2352456569, 
1001,  1366,  completed,  eof,  2014-08-07 16:32:53,  2014-08-07 16:33:32,  39,  modelParams|sensorParams|encoders|timestamp_weekend:radius_1.modelParams|clParams|alpha_0.0001.modelParams|tpParams|minThreshold_9.modelParams|tpParams|activationThreshold_12.modelParams|tpParams|pamLength_1.modelParams|sensorParams|encoders|_classifierInput|n_28.modelParams|spParams|synPermInactiveDec_0.1,  4391,  1,  None,  0.0001,  9,  12,  1,  None,  None,  28,  0.1,  17.0430821425,  48.8295690438, 
1001,  1367,  completed,  eof,  2014-08-07 16:33:05,  2014-08-07 16:34:48,  103,  modelParams|clParams|alpha_0.1.modelParams|tpParams|minThreshold_12.modelParams|tpParams|activationThreshold_16.modelParams|tpParams|pamLength_5.modelParams|sensorParams|encoders|kw_energy_consumption:n_521.modelParams|sensorParams|encoders|_classifierInput|n_521.modelParams|spParams|synPermInactiveDec_0.0003,  4391,  None,  None,  0.1,  12,  16,  5,  None,  521,  521,  0.0003,  10.2342385929,  29.3217773525, 
1001,  1368,  completed,  eof,  2014-08-07 16:33:08,  2014-08-07 16:34:17,  69,  modelParams|clParams|alpha_0.1.modelParams|tpParams|minThreshold_12.modelParams|tpParams|activationThreshold_16.modelParams|tpParams|pamLength_5.modelParams|sensorParams|encoders|timestamp_dayOfWeek:radius_6.0.modelParams|sensorParams|encoders|_classifierInput|n_521.modelParams|spParams|synPermInactiveDec_0.0003,  4391,  None,  None,  0.1,  12,  16,  5,  6.0,  None,  521,  0.0003,  21.3803817192,  61.2562221205, 
1001,  1369,  completed,  eof,  2014-08-07 16:33:13,  2014-08-07 16:34:05,  52,  modelParams|sensorParams|encoders|timestamp_timeOfDay:radius_12.0.modelParams|clParams|alpha_0.1.modelParams|tpParams|minThreshold_12.modelParams|tpParams|activationThreshold_16.modelParams|tpParams|pamLength_5.modelParams|sensorParams|encoders|_classifierInput|n_521.modelParams|spParams|synPermInactiveDec_0.0003,  4391,  None,  12.0,  0.1,  12,  16,  5,  None,  None,  521,  0.0003,  9.40950141729,  26.9588502409, 
1001,  1370,  completed,  eof,  2014-08-07 16:33:33,  2014-08-07 16:34:25,  52,  modelParams|sensorParams|encoders|timestamp_weekend:radius_1.modelParams|clParams|alpha_0.1.modelParams|tpParams|minThreshold_12.modelParams|tpParams|activationThreshold_16.modelParams|tpParams|pamLength_5.modelParams|sensorParams|encoders|_classifierInput|n_521.modelParams|spParams|synPermInactiveDec_0.0003,  4391,  1,  None,  0.1,  12,  16,  5,  None,  None,  521,  0.0003,  17.520230726,  50.1966316154, 
1001,  1371,  completed,  eof,  2014-08-07 16:34:06,  2014-08-07 16:35:11,  65,  modelParams|clParams|alpha_0.025075.modelParams|tpParams|minThreshold_10.modelParams|tpParams|activationThreshold_13.modelParams|tpParams|pamLength_2.modelParams|sensorParams|encoders|kw_energy_consumption:n_147.modelParams|sensorParams|encoders|_classifierInput|n_151.modelParams|spParams|synPermInactiveDec_0.075075,  4391,  None,  None,  0.025075,  10,  13,  2,  None,  147,  151,  0.075075,  10.216980785,  29.2723325799, 
1001,  1372,  completed,  eof,  2014-08-07 16:34:18,  2014-08-07 16:35:05,  47,  modelParams|clParams|alpha_0.025075.modelParams|tpParams|minThreshold_10.modelParams|tpParams|activationThreshold_13.modelParams|tpParams|pamLength_2.modelParams|sensorParams|encoders|timestamp_dayOfWeek:radius_4.75.modelParams|sensorParams|encoders|_classifierInput|n_151.modelParams|spParams|synPermInactiveDec_0.075075,  4391,  None,  None,  0.025075,  10,  13,  2,  4.75,  None,  151,  0.075075,  21.167268439,  60.6456383339, 
1001,  1373,  completed,  eof,  2014-08-07 16:34:25,  2014-08-07 16:35:06,  41,  modelParams|sensorParams|encoders|timestamp_timeOfDay:radius_9.125.modelParams|clParams|alpha_0.025075.modelParams|tpParams|minThreshold_10.modelParams|tpParams|activationThreshold_13.modelParams|tpParams|pamLength_2.modelParams|sensorParams|encoders|_classifierInput|n_151.modelParams|spParams|synPermInactiveDec_0.075075,  4391,  None,  9.125,  0.025075,  10,  13,  2,  None,  None,  151,  0.075075,  10.0564006875,  28.8122598715, 
1001,  1374,  completed,  eof,  2014-08-07 16:34:48,  2014-08-07 16:35:31,  43,  modelParams|sensorParams|encoders|timestamp_weekend:radius_1.modelParams|clParams|alpha_0.025075.modelParams|tpParams|minThreshold_10.modelParams|tpParams|activationThreshold_13.modelParams|tpParams|pamLength_2.modelParams|sensorParams|encoders|_classifierInput|n_151.modelParams|spParams|synPermInactiveDec_0.075075,  4391,  1,  None,  0.025075,  10,  13,  2,  None,  None,  151,  0.075075,  16.9458172922,  48.5508987491, 
1001,  1375,  completed,  eof,  2014-08-07 16:35:05,  2014-08-07 16:36:33,  88,  modelParams|clParams|alpha_0.075025.modelParams|tpParams|minThreshold_11.modelParams|tpParams|activationThreshold_15.modelParams|tpParams|pamLength_4.modelParams|sensorParams|encoders|kw_energy_consumption:n_396.modelParams|sensorParams|encoders|_classifierInput|n_398.modelParams|spParams|synPermInactiveDec_0.025225,  4391,  None,  None,  0.075025,  11,  15,  4,  None,  396,  398,  0.025225,  9.94054685455,  28.4803308996, 
1001,  1376,  completed,  eof,  2014-08-07 16:35:06,  2014-08-07 16:35:58,  52,  modelParams|clParams|alpha_0.075025.modelParams|tpParams|minThreshold_11.modelParams|tpParams|activationThreshold_15.modelParams|tpParams|pamLength_4.modelParams|sensorParams|encoders|timestamp_dayOfWeek:radius_2.25.modelParams|sensorParams|encoders|_classifierInput|n_398.modelParams|spParams|synPermInactiveDec_0.025225,  4391,  None,  None,  0.075025,  11,  15,  4,  2.25,  None,  398,  0.025225,  21.6803620621,  62.1156858458, 
1001,  1377,  completed,  eof,  2014-08-07 16:35:11,  2014-08-07 16:35:54,  43,  modelParams|sensorParams|encoders|timestamp_timeOfDay:radius_3.375.modelParams|clParams|alpha_0.075025.modelParams|tpParams|minThreshold_11.modelParams|tpParams|activationThreshold_15.modelParams|tpParams|pamLength_4.modelParams|sensorParams|encoders|_classifierInput|n_398.modelParams|spParams|synPermInactiveDec_0.025225,  4391,  None,  3.375,  0.075025,  11,  15,  4,  None,  None,  398,  0.025225,  9.03921333761,  25.8979501524, 
1001,  1378,  completed,  eof,  2014-08-07 16:35:31,  2014-08-07 16:36:21,  50,  modelParams|sensorParams|encoders|timestamp_weekend:radius_1.modelParams|clParams|alpha_0.075025.modelParams|tpParams|minThreshold_11.modelParams|tpParams|activationThreshold_15.modelParams|tpParams|pamLength_4.modelParams|sensorParams|encoders|_classifierInput|n_398.modelParams|spParams|synPermInactiveDec_0.025225,  4391,  1,  None,  0.075025,  11,  15,  4,  None,  None,  398,  0.025225,  17.0709019419,  48.9092746279, 
1001,  1379,  completed,  eof,  2014-08-07 16:35:54,  2014-08-07 16:37:13,  79,  modelParams|clParams|alpha_0.055045.modelParams|tpParams|minThreshold_11.modelParams|tpParams|activationThreshold_14.modelParams|tpParams|pamLength_3.modelParams|sensorParams|encoders|kw_energy_consumption:n_296.modelParams|sensorParams|encoders|_classifierInput|n_299.modelParams|spParams|synPermInactiveDec_0.055135,  4391,  None,  None,  0.055045,  11,  14,  3,  None,  296,  299,  0.055135,  10.2158089607,  29.268975225, 
1001,  1380,  completed,  eof,  2014-08-07 16:35:59,  2014-08-07 16:36:40,  41,  modelParams|clParams|alpha_0.0145852851107.modelParams|tpParams|minThreshold_9.modelParams|tpParams|activationThreshold_12.modelParams|tpParams|pamLength_2.modelParams|sensorParams|encoders|timestamp_dayOfWeek:radius_1.72020278056.modelParams|sensorParams|encoders|_classifierInput|n_52.modelParams|spParams|synPermInactiveDec_0.0989798227547,  4391,  None,  None,  0.0145852851107,  9,  12,  2,  1.72020278056,  None,  52,  0.0989798227547,  21.7613971111,  62.3478566752, 
1001,  1381,  completed,  eof,  2014-08-07 16:36:21,  2014-08-07 16:37:04,  43,  modelParams|sensorParams|encoders|timestamp_timeOfDay:radius_6.825.modelParams|clParams|alpha_0.055045.modelParams|tpParams|minThreshold_11.modelParams|tpParams|activationThreshold_14.modelParams|tpParams|pamLength_3.modelParams|sensorParams|encoders|_classifierInput|n_299.modelParams|spParams|synPermInactiveDec_0.055135,  4391,  None,  6.825,  0.055045,  11,  14,  3,  None,  None,  299,  0.055135,  8.48753357401,  24.3173507702, 
1001,  1382,  completed,  eof,  2014-08-07 16:36:34,  2014-08-07 16:37:18,  44,  modelParams|sensorParams|encoders|timestamp_weekend:radius_1.modelParams|clParams|alpha_0.0323174571095.modelParams|tpParams|minThreshold_10.modelParams|tpParams|activationThreshold_13.modelParams|tpParams|pamLength_2.modelParams|sensorParams|encoders|_classifierInput|n_189.modelParams|spParams|synPermInactiveDec_0.0753395636177,  4391,  1,  None,  0.0323174571095,  10,  13,  2,  None,  None,  189,  0.0753395636177,  16.7545006413,  48.0027637617, 
1001,  1383,  completed,  eof,  2014-08-07 16:36:40,  2014-08-07 16:38:00,  80,  modelParams|clParams|alpha_0.055794572334.modelParams|tpParams|minThreshold_11.modelParams|tpParams|activationThreshold_15.modelParams|tpParams|pamLength_3.modelParams|sensorParams|encoders|kw_energy_consumption:n_301.modelParams|sensorParams|encoders|_classifierInput|n_423.modelParams|spParams|synPermInactiveDec_0.029247765868,  4391,  None,  None,  0.055794572334,  11,  15,  3,  None,  301,  423,  0.029247765868,  10.1167089435,  28.9850470545, 
1001,  1384,  completed,  eof,  2014-08-07 16:37:04,  2014-08-07 16:37:47,  43,  modelParams|clParams|alpha_0.0001.modelParams|tpParams|minThreshold_9.modelParams|tpParams|activationThreshold_12.modelParams|tpParams|pamLength_1.modelParams|sensorParams|encoders|timestamp_dayOfWeek:radius_1.modelParams|sensorParams|encoders|_classifierInput|n_53.modelParams|spParams|synPermInactiveDec_0.095015,  4391,  None,  None,  0.0001,  9,  12,  1,  1,  None,  53,  0.095015,  22.5083152604,  64.4878270772, 
1001,  1385,  completed,  eof,  2014-08-07 16:37:13,  2014-08-07 16:37:55,  42,  modelParams|sensorParams|encoders|timestamp_timeOfDay:radius_5.04827721071.modelParams|clParams|alpha_0.043966725603.modelParams|tpParams|minThreshold_11.modelParams|tpParams|activationThreshold_13.modelParams|tpParams|pamLength_2.modelParams|sensorParams|encoders|_classifierInput|n_275.modelParams|spParams|synPermInactiveDec_0.0555546595208,  4391,  None,  5.04827721071,  0.043966725603,  11,  13,  2,  None,  None,  275,  0.0555546595208,  8.92829964919,  25.5801750246, 
1001,  1386,  completed,  eof,  2014-08-07 16:37:18,  2014-08-07 16:38:01,  43,  modelParams|sensorParams|encoders|timestamp_weekend:radius_1.modelParams|clParams|alpha_0.024423263795.modelParams|tpParams|minThreshold_10.modelParams|tpParams|activationThreshold_13.modelParams|tpParams|pamLength_2.modelParams|sensorParams|encoders|_classifierInput|n_146.modelParams|spParams|synPermInactiveDec_0.0750248954573,  4391,  1,  None,  0.024423263795,  10,  13,  2,  None,  None,  146,  0.0750248954573,  16.9052567799,  48.4346901715, 
1001,  1387,  completed,  eof,  2014-08-07 16:37:47,  2014-08-07 16:39:17,  90,  modelParams|clParams|alpha_0.0747751425553.modelParams|tpParams|minThreshold_11.modelParams|tpParams|activationThreshold_15.modelParams|tpParams|pamLength_4.modelParams|sensorParams|encoders|kw_energy_consumption:n_444.modelParams|sensorParams|encoders|_classifierInput|n_422.modelParams|spParams|synPermInactiveDec_0.0272074113773,  4391,  None,  None,  0.0747751425553,  11,  15,  4,  None,  444,  422,  0.0272074113773,  10.0983805308,  28.9325349275, 
1001,  1388,  completed,  eof,  2014-08-07 16:37:55,  2014-08-07 16:38:36,  41,  modelParams|clParams|alpha_0.0140855702213.modelParams|tpParams|minThreshold_9.modelParams|tpParams|activationThreshold_12.modelParams|tpParams|pamLength_1.modelParams|sensorParams|encoders|timestamp_dayOfWeek:radius_2.19040556112.modelParams|sensorParams|encoders|_classifierInput|n_28.modelParams|spParams|synPermInactiveDec_0.0929746455094,  4391,  None,  None,  0.0140855702213,  9,  12,  1,  2.19040556112,  None,  28,  0.0929746455094,  20.3419705232,  58.2811046644, 
1001,  1389,  completed,  eof,  2014-08-07 16:38:00,  2014-08-07 16:38:45,  45,  modelParams|sensorParams|encoders|timestamp_timeOfDay:radius_7.23322773669.modelParams|clParams|alpha_0.0550272245066.modelParams|tpParams|minThreshold_11.modelParams|tpParams|activationThreshold_14.modelParams|tpParams|pamLength_3.modelParams|sensorParams|encoders|_classifierInput|n_323.modelParams|spParams|synPermInactiveDec_0.0535143050302,  4391,  None,  7.23322773669,  0.0550272245066,  11,  14,  3,  None,  None,  323,  0.0535143050302,  9.7851033061,  28.0349747476, 
1001,  1390,  completed,  eof,  2014-08-07 16:38:01,  2014-08-07 16:38:47,  46,  modelParams|sensorParams|encoders|timestamp_weekend:radius_1.modelParams|clParams|alpha_0.0434030922329.modelParams|tpParams|minThreshold_10.modelParams|tpParams|activationThreshold_12.modelParams|tpParams|pamLength_2.modelParams|sensorParams|encoders|_classifierInput|n_251.modelParams|spParams|synPermInactiveDec_0.0661131499283,  4391,  1,  None,  0.0434030922329,  10,  12,  2,  None,  None,  251,  0.0661131499283,  16.8677919282,  48.3273508683, 
1001,  1391,  completed,  eof,  2014-08-07 16:38:36,  2014-08-07 16:40:04,  88,  modelParams|clParams|alpha_0.0605397148893.modelParams|tpParams|minThreshold_11.modelParams|tpParams|activationThreshold_15.modelParams|tpParams|pamLength_4.modelParams|sensorParams|encoders|kw_energy_consumption:n_324.modelParams|sensorParams|encoders|_classifierInput|n_374.modelParams|spParams|synPermInactiveDec_0.0262451772453,  4391,  None,  None,  0.0605397148893,  11,  15,  4,  None,  324,  374,  0.0262451772453,  10.3126100896,  29.5463169268, 
1001,  1392,  completed,  eof,  2014-08-07 16:38:45,  2014-08-07 16:39:29,  44,  modelParams|clParams|alpha_0.0111785146017.modelParams|tpParams|minThreshold_9.modelParams|tpParams|activationThreshold_12.modelParams|tpParams|pamLength_1.modelParams|sensorParams|encoders|timestamp_dayOfWeek:radius_2.42181693003.modelParams|sensorParams|encoders|_classifierInput|n_53.modelParams|spParams|synPermInactiveDec_0.085833365792,  4391,  None,  None,  0.0111785146017,  9,  12,  1,  2.42181693003,  None,  53,  0.085833365792,  21.8285114524,  62.5401437472, 
1001,  1393,  completed,  eof,  2014-08-07 16:38:48,  2014-08-07 16:39:30,  42,  modelParams|sensorParams|encoders|timestamp_timeOfDay:radius_6.6869901052.modelParams|clParams|alpha_0.0567218503289.modelParams|tpParams|minThreshold_11.modelParams|tpParams|activationThreshold_14.modelParams|tpParams|pamLength_3.modelParams|sensorParams|encoders|_classifierInput|n_275.modelParams|spParams|synPermInactiveDec_0.0525520708981,  4391,  None,  6.6869901052,  0.0567218503289,  11,  14,  3,  None,  None,  275,  0.0525520708981,  8.52648883831,  24.4289602051, 
1001,  1394,  completed,  eof,  2014-08-07 16:39:17,  2014-08-07 16:40:04,  47,  modelParams|sensorParams|encoders|timestamp_weekend:radius_1.modelParams|clParams|alpha_0.0366607209045.modelParams|tpParams|minThreshold_10.modelParams|tpParams|activationThreshold_13.modelParams|tpParams|pamLength_2.modelParams|sensorParams|encoders|_classifierInput|n_160.modelParams|spParams|synPermInactiveDec_0.0703044590751,  4391,  1,  None,  0.0366607209045,  10,  13,  2,  None,  None,  160,  0.0703044590751,  16.7482176905,  47.9847626879, 
1001,  1395,  completed,  eof,  2014-08-07 16:39:29,  2014-08-07 16:40:59,  90,  modelParams|clParams|alpha_0.07003.modelParams|tpParams|minThreshold_10.modelParams|tpParams|activationThreshold_15.modelParams|tpParams|pamLength_4.modelParams|sensorParams|encoders|kw_energy_consumption:n_421.modelParams|sensorParams|encoders|_classifierInput|n_422.modelParams|spParams|synPermInactiveDec_0.02024,  4391,  None,  None,  0.07003,  10,  15,  4,  None,  421,  422,  0.02024,  10.1912722996,  29.1986760514, 
1001,  1396,  completed,  eof,  2014-08-07 16:39:30,  2014-08-07 16:40:13,  43,  modelParams|clParams|alpha_0.0206687997124.modelParams|tpParams|minThreshold_9.modelParams|tpParams|activationThreshold_12.modelParams|tpParams|pamLength_1.modelParams|sensorParams|encoders|timestamp_dayOfWeek:radius_2.45161414947.modelParams|sensorParams|encoders|_classifierInput|n_28.modelParams|spParams|synPermInactiveDec_0.0798281885467,  4391,  None,  None,  0.0206687997124,  9,  12,  1,  2.45161414947,  None,  28,  0.0798281885467,  20.8631005476,  59.7741770027, 
1001,  1397,  completed,  eof,  2014-08-07 16:40:04,  2014-08-07 16:40:49,  45,  modelParams|sensorParams|encoders|timestamp_timeOfDay:radius_5.59451484221.modelParams|clParams|alpha_0.0622520997807.modelParams|tpParams|minThreshold_10.modelParams|tpParams|activationThreshold_14.modelParams|tpParams|pamLength_3.modelParams|sensorParams|encoders|_classifierInput|n_323.modelParams|spParams|synPermInactiveDec_0.0465468936528,  4391,  None,  5.59451484221,  0.0622520997807,  10,  14,  3,  None,  None,  323,  0.0465468936528,  8.46454847091,  24.2514969141, 
1001,  1398,  completed,  eof,  2014-08-07 16:40:04,  2014-08-07 16:40:50,  46,  modelParams|sensorParams|encoders|timestamp_weekend:radius_1.modelParams|clParams|alpha_0.0451080561118.modelParams|tpParams|minThreshold_9.modelParams|tpParams|activationThreshold_12.modelParams|tpParams|pamLength_2.modelParams|sensorParams|encoders|_classifierInput|n_211.modelParams|spParams|synPermInactiveDec_0.0567820581238,  4391,  1,  None,  0.0451080561118,  9,  12,  2,  None,  None,  211,  0.0567820581238,  16.4684577608,  47.1832317977, 
1001,  1399,  completed,  killed,  2014-08-07 16:40:13,  2014-08-07 16:40:59,  46,  modelParams|clParams|alpha_0.0711592422699.modelParams|tpParams|minThreshold_11.modelParams|tpParams|activationThreshold_15.modelParams|tpParams|pamLength_4.modelParams|sensorParams|encoders|kw_energy_consumption:n_378.modelParams|sensorParams|encoders|_classifierInput|n_399.modelParams|spParams|synPermInactiveDec_0.0290641281663,  2400,  None,  None,  0.0711592422699,  11,  15,  4,  None,  378,  399,  0.0290641281663,  8.06736408296,  26.6003827584, 
1001,  1400,  completed,  eof,  2014-08-07 16:40:49,  2014-08-07 16:41:32,  43,  modelParams|clParams|alpha_0.014674987066.modelParams|tpParams|minThreshold_9.modelParams|tpParams|activationThreshold_12.modelParams|tpParams|pamLength_1.modelParams|sensorParams|encoders|timestamp_dayOfWeek:radius_2.08807296636.modelParams|sensorParams|encoders|_classifierInput|n_28.modelParams|spParams|synPermInactiveDec_0.0960099752924,  4391,  None,  None,  0.014674987066,  9,  12,  1,  2.08807296636,  None,  28,  0.0960099752924,  21.4076925311,  61.3344694213, 
1001,  1401,  completed,  eof,  2014-08-07 16:40:50,  2014-08-07 16:41:33,  43,  modelParams|sensorParams|encoders|timestamp_timeOfDay:radius_5.97205172853.modelParams|clParams|alpha_0.0627029106494.modelParams|tpParams|minThreshold_10.modelParams|tpParams|activationThreshold_14.modelParams|tpParams|pamLength_3.modelParams|sensorParams|encoders|_classifierInput|n_329.modelParams|spParams|synPermInactiveDec_0.0488277093663,  4391,  None,  5.97205172853,  0.0627029106494,  10,  14,  3,  None,  None,  329,  0.0488277093663,  8.59107514852,  24.6140042991, 
1001,  1402,  completed,  eof,  2014-08-07 16:40:59,  2014-08-07 16:41:45,  46,  modelParams|sensorParams|encoders|timestamp_weekend:radius_1.modelParams|clParams|alpha_0.0395239164788.modelParams|tpParams|minThreshold_9.modelParams|tpParams|activationThreshold_12.modelParams|tpParams|pamLength_2.modelParams|sensorParams|encoders|_classifierInput|n_187.modelParams|spParams|synPermInactiveDec_0.0665939735657,  4391,  1,  None,  0.0395239164788,  9,  12,  2,  None,  None,  187,  0.0665939735657,  16.6230103429,  47.6260352715, 
1001,  1403,  completed,  eof,  2014-08-07 16:41:00,  2014-08-07 16:41:43,  43,  modelParams|clParams|alpha_0.0101796220464.modelParams|tpParams|minThreshold_9.modelParams|tpParams|activationThreshold_12.modelParams|tpParams|pamLength_1.modelParams|sensorParams|encoders|timestamp_dayOfWeek:radius_1.90401275919.modelParams|sensorParams|encoders|_classifierInput|n_28.modelParams|spParams|synPermInactiveDec_0.092984414871,  4391,  None,  None,  0.0101796220464,  9,  12,  1,  1.90401275919,  None,  28,  0.092984414871,  20.091636529,  57.5638810452, 
1001,  1404,  completed,  eof,  2014-08-07 16:41:32,  2014-08-07 16:42:20,  48,  modelParams|sensorParams|encoders|timestamp_timeOfDay:radius_6.62780134486.modelParams|clParams|alpha_0.0711943030929.modelParams|tpParams|minThreshold_11.modelParams|tpParams|activationThreshold_15.modelParams|tpParams|pamLength_4.modelParams|sensorParams|encoders|_classifierInput|n_385.modelParams|spParams|synPermInactiveDec_0.0365206785054,  4391,  None,  6.62780134486,  0.0711943030929,  11,  15,  4,  None,  None,  385,  0.0365206785054,  8.59024395374,  24.6116228705, 
1001,  1405,  completed,  eof,  2014-08-07 16:41:34,  2014-08-07 16:42:23,  49,  modelParams|sensorParams|encoders|timestamp_weekend:radius_1.modelParams|clParams|alpha_0.0493274833298.modelParams|tpParams|minThreshold_9.modelParams|tpParams|activationThreshold_12.modelParams|tpParams|pamLength_2.modelParams|sensorParams|encoders|_classifierInput|n_233.modelParams|spParams|synPermInactiveDec_0.0539932129035,  4391,  1,  None,  0.0493274833298,  9,  12,  2,  None,  None,  233,  0.0539932129035,  16.4488921929,  47.1271751383, 
1001,  1406,  completed,  eof,  2014-08-07 16:41:43,  2014-08-07 16:42:32,  49,  modelParams|clParams|alpha_0.0001.modelParams|tpParams|minThreshold_9.modelParams|tpParams|activationThreshold_12.modelParams|tpParams|pamLength_1.modelParams|sensorParams|encoders|timestamp_dayOfWeek:radius_1.00547922619.modelParams|sensorParams|encoders|_classifierInput|n_28.modelParams|spParams|synPermInactiveDec_0.1,  4391,  None,  None,  0.0001,  9,  12,  1,  1.00547922619,  None,  28,  0.1,  20.4467128008,  58.5811982879, 
1001,  1407,  completed,  eof,  2014-08-07 16:41:45,  2014-08-07 16:42:33,  48,  modelParams|sensorParams|encoders|timestamp_timeOfDay:radius_5.97232482184.modelParams|clParams|alpha_0.0604404370273.modelParams|tpParams|minThreshold_10.modelParams|tpParams|activationThreshold_14.modelParams|tpParams|pamLength_3.modelParams|sensorParams|encoders|_classifierInput|n_318.modelParams|spParams|synPermInactiveDec_0.0499057283774,  4391,  None,  5.97232482184,  0.0604404370273,  10,  14,  3,  None,  None,  318,  0.0499057283774,  8.37613032043,  23.9981730054, 
1001,  1408,  completed,  eof,  2014-08-07 16:42:20,  2014-08-07 16:43:03,  43,  modelParams|sensorParams|encoders|timestamp_weekend:radius_1.modelParams|clParams|alpha_0.0308054024156.modelParams|tpParams|minThreshold_9.modelParams|tpParams|activationThreshold_12.modelParams|tpParams|pamLength_1.modelParams|sensorParams|encoders|_classifierInput|n_148.modelParams|spParams|synPermInactiveDec_0.0750025201391,  4391,  1,  None,  0.0308054024156,  9,  12,  1,  None,  None,  148,  0.0750025201391,  19.3508044414,  55.4413476167, 
1001,  1409,  completed,  eof,  2014-08-07 16:42:23,  2014-08-07 16:43:06,  43,  modelParams|clParams|alpha_0.0105631615815.modelParams|tpParams|minThreshold_9.modelParams|tpParams|activationThreshold_12.modelParams|tpParams|pamLength_1.modelParams|sensorParams|encoders|timestamp_dayOfWeek:radius_1.9832239138.modelParams|sensorParams|encoders|_classifierInput|n_28.modelParams|spParams|synPermInactiveDec_0.0926323340975,  4391,  None,  None,  0.0105631615815,  9,  12,  1,  1.9832239138,  None,  28,  0.0926323340975,  18.7809669861,  53.8087252348, 
1001,  1410,  completed,  eof,  2014-08-07 16:42:32,  2014-08-07 16:43:15,  43,  modelParams|sensorParams|encoders|timestamp_timeOfDay:radius_5.19257796855.modelParams|clParams|alpha_0.0695515268975.modelParams|tpParams|minThreshold_10.modelParams|tpParams|activationThreshold_14.modelParams|tpParams|pamLength_3.modelParams|sensorParams|encoders|_classifierInput|n_354.modelParams|spParams|synPermInactiveDec_0.0416395746922,  4391,  None,  5.19257796855,  0.0695515268975,  10,  14,  3,  None,  None,  354,  0.0416395746922,  8.89892033972,  25.4960013401, 
1001,  1411,  completed,  eof,  2014-08-07 16:42:33,  2014-08-07 16:43:17,  44,  modelParams|sensorParams|encoders|timestamp_weekend:radius_1.modelParams|clParams|alpha_0.0510840534851.modelParams|tpParams|minThreshold_9.modelParams|tpParams|activationThreshold_12.modelParams|tpParams|pamLength_2.modelParams|sensorParams|encoders|_classifierInput|n_227.modelParams|spParams|synPermInactiveDec_0.055889693013,  4391,  1,  None,  0.0510840534851,  9,  12,  2,  None,  None,  227,  0.055889693013,  16.3611270913,  46.8757222585, 
1001,  1412,  completed,  eof,  2014-08-07 16:43:04,  2014-08-07 16:43:46,  42,  modelParams|clParams|alpha_0.0001.modelParams|tpParams|minThreshold_9.modelParams|tpParams|activationThreshold_12.modelParams|tpParams|pamLength_1.modelParams|sensorParams|encoders|timestamp_dayOfWeek:radius_2.0574097751.modelParams|sensorParams|encoders|_classifierInput|n_28.modelParams|spParams|synPermInactiveDec_0.1,  4391,  None,  None,  0.0001,  9,  12,  1,  2.0574097751,  None,  28,  0.1,  22.1615449281,  63.4943069064, 
1001,  1413,  completed,  eof,  2014-08-07 16:43:06,  2014-08-07 16:43:49,  43,  modelParams|sensorParams|encoders|timestamp_timeOfDay:radius_6.45542126163.modelParams|clParams|alpha_0.057447791491.modelParams|tpParams|minThreshold_10.modelParams|tpParams|activationThreshold_14.modelParams|tpParams|pamLength_3.modelParams|sensorParams|encoders|_classifierInput|n_300.modelParams|spParams|synPermInactiveDec_0.054831579968,  4391,  None,  6.45542126163,  0.057447791491,  10,  14,  3,  None,  None,  300,  0.054831579968,  8.61168597593,  24.6730556967, 
1001,  1414,  completed,  eof,  2014-08-07 16:43:15,  2014-08-07 16:44:00,  45,  modelParams|sensorParams|encoders|timestamp_weekend:radius_1.modelParams|clParams|alpha_0.0414685483908.modelParams|tpParams|minThreshold_9.modelParams|tpParams|activationThreshold_12.modelParams|tpParams|pamLength_1.modelParams|sensorParams|encoders|_classifierInput|n_184.modelParams|spParams|synPermInactiveDec_0.0624106445936,  4391,  1,  None,  0.0414685483908,  9,  12,  1,  None,  None,  184,  0.0624106445936,  19.2626164119,  55.1886830203, 
1001,  1415,  completed,  eof,  2014-08-07 16:43:17,  2014-08-07 16:43:59,  42,  modelParams|clParams|alpha_0.0113668162229.modelParams|tpParams|minThreshold_9.modelParams|tpParams|activationThreshold_12.modelParams|tpParams|pamLength_1.modelParams|sensorParams|encoders|timestamp_dayOfWeek:radius_2.09491158667.modelParams|sensorParams|encoders|_classifierInput|n_28.modelParams|spParams|synPermInactiveDec_0.0922967595749,  4391,  None,  None,  0.0113668162229,  9,  12,  1,  2.09491158667,  None,  28,  0.0922967595749,  21.1998214415,  60.7389048611, 
1001,  1416,  completed,  eof,  2014-08-07 16:43:47,  2014-08-07 16:44:29,  42,  modelParams|sensorParams|encoders|timestamp_timeOfDay:radius_5.98416531996.modelParams|clParams|alpha_0.0608632089267.modelParams|tpParams|minThreshold_10.modelParams|tpParams|activationThreshold_14.modelParams|tpParams|pamLength_3.modelParams|sensorParams|encoders|_classifierInput|n_319.modelParams|spParams|synPermInactiveDec_0.0494772373579,  4391,  None,  5.98416531996,  0.0608632089267,  10,  14,  3,  None,  None,  319,  0.0494772373579,  8.70114424389,  24.9293596114, 
1001,  1417,  completed,  eof,  2014-08-07 16:43:50,  2014-08-07 16:44:34,  44,  modelParams|sensorParams|encoders|timestamp_weekend:radius_1.modelParams|clParams|alpha_0.0518453915666.modelParams|tpParams|minThreshold_9.modelParams|tpParams|activationThreshold_12.modelParams|tpParams|pamLength_2.modelParams|sensorParams|encoders|_classifierInput|n_222.modelParams|spParams|synPermInactiveDec_0.0557305322248,  4391,  1,  None,  0.0518453915666,  9,  12,  2,  None,  None,  222,  0.0557305322248,  16.4524884762,  47.1374787304, 
1001,  1418,  completed,  eof,  2014-08-07 16:43:59,  2014-08-07 16:44:42,  43,  modelParams|clParams|alpha_0.0130101962315.modelParams|tpParams|minThreshold_9.modelParams|tpParams|activationThreshold_12.modelParams|tpParams|pamLength_1.modelParams|sensorParams|encoders|timestamp_dayOfWeek:radius_2.19432898154.modelParams|sensorParams|encoders|_classifierInput|n_28.modelParams|spParams|synPermInactiveDec_0.0921671012044,  4391,  None,  None,  0.0130101962315,  9,  12,  1,  2.19432898154,  None,  28,  0.0921671012044,  20.8194349314,  59.6490720947, 
1001,  1419,  completed,  eof,  2014-08-07 16:44:00,  2014-08-07 16:44:46,  46,  modelParams|sensorParams|encoders|timestamp_timeOfDay:radius_6.49174357483.modelParams|clParams|alpha_0.0684379532599.modelParams|tpParams|minThreshold_10.modelParams|tpParams|activationThreshold_14.modelParams|tpParams|pamLength_3.modelParams|sensorParams|encoders|_classifierInput|n_345.modelParams|spParams|synPermInactiveDec_0.0435348038975,  4391,  None,  6.49174357483,  0.0684379532599,  10,  14,  3,  None,  None,  345,  0.0435348038975,  8.30704217624,  23.8002308563, 
1001,  1420,  completed,  eof,  2014-08-07 16:44:29,  2014-08-07 16:45:16,  47,  modelParams|sensorParams|encoders|timestamp_weekend:radius_1.modelParams|clParams|alpha_0.0571520376548.modelParams|tpParams|minThreshold_9.modelParams|tpParams|activationThreshold_12.modelParams|tpParams|pamLength_2.modelParams|sensorParams|encoders|_classifierInput|n_250.modelParams|spParams|synPermInactiveDec_0.0502726063281,  4391,  1,  None,  0.0571520376548,  9,  12,  2,  None,  None,  250,  0.0502726063281,  16.5946938178,  47.5449065352, 
1001,  1421,  completed,  eof,  2014-08-07 16:44:34,  2014-08-07 16:45:16,  42,  modelParams|clParams|alpha_0.00610598421033.modelParams|tpParams|minThreshold_9.modelParams|tpParams|activationThreshold_12.modelParams|tpParams|pamLength_1.modelParams|sensorParams|encoders|timestamp_dayOfWeek:radius_1.79007691628.modelParams|sensorParams|encoders|_classifierInput|n_28.modelParams|spParams|synPermInactiveDec_0.0978904796372,  4391,  None,  None,  0.00610598421033,  9,  12,  1,  1.79007691628,  None,  28,  0.0978904796372,  18.2558600635,  52.3042588173, 
1001,  1422,  completed,  eof,  2014-08-07 16:44:42,  2014-08-07 16:45:26,  44,  modelParams|sensorParams|encoders|timestamp_timeOfDay:radius_5.65709909312.modelParams|clParams|alpha_0.0617937401575.modelParams|tpParams|minThreshold_10.modelParams|tpParams|activationThreshold_14.modelParams|tpParams|pamLength_3.modelParams|sensorParams|encoders|_classifierInput|n_316.modelParams|spParams|synPermInactiveDec_0.0490035842143,  4391,  None,  5.65709909312,  0.0617937401575,  10,  14,  3,  None,  None,  316,  0.0490035842143,  8.55006952893,  24.4965204592, 
1001,  1423,  completed,  eof,  2014-08-07 16:44:46,  2014-08-07 16:45:32,  46,  modelParams|sensorParams|encoders|timestamp_weekend:radius_1.modelParams|clParams|alpha_0.0486608359865.modelParams|tpParams|minThreshold_9.modelParams|tpParams|activationThreshold_12.modelParams|tpParams|pamLength_2.modelParams|sensorParams|encoders|_classifierInput|n_213.modelParams|spParams|synPermInactiveDec_0.0595046269639,  4391,  1,  None,  0.0486608359865,  9,  12,  2,  None,  None,  213,  0.0595046269639,  16.4102221881,  47.0163829909, 
1001,  1424,  completed,  eof,  2014-08-07 16:45:16,  2014-08-07 16:45:57,  41,  modelParams|clParams|alpha_0.0104093233264.modelParams|tpParams|minThreshold_9.modelParams|tpParams|activationThreshold_12.modelParams|tpParams|pamLength_2.modelParams|sensorParams|encoders|timestamp_dayOfWeek:radius_1.87357565974.modelParams|sensorParams|encoders|_classifierInput|n_28.modelParams|spParams|synPermInactiveDec_0.0943320761738,  4391,  None,  None,  0.0104093233264,  9,  12,  2,  1.87357565974,  None,  28,  0.0943320761738,  19.4885700406,  55.8360552631, 
1001,  1425,  completed,  eof,  2014-08-07 16:45:16,  2014-08-07 16:46:00,  44,  modelParams|sensorParams|encoders|timestamp_timeOfDay:radius_6.26574380874.modelParams|clParams|alpha_0.0688498734583.modelParams|tpParams|minThreshold_10.modelParams|tpParams|activationThreshold_14.modelParams|tpParams|pamLength_3.modelParams|sensorParams|encoders|_classifierInput|n_347.modelParams|spParams|synPermInactiveDec_0.0427898277821,  4391,  None,  6.26574380874,  0.0688498734583,  10,  14,  3,  None,  None,  347,  0.0427898277821,  9.37794610187,  26.8684421539, 
1001,  1426,  completed,  eof,  2014-08-07 16:45:26,  2014-08-07 16:46:11,  45,  modelParams|sensorParams|encoders|timestamp_weekend:radius_1.modelParams|clParams|alpha_0.0546898866303.modelParams|tpParams|minThreshold_9.modelParams|tpParams|activationThreshold_12.modelParams|tpParams|pamLength_2.modelParams|sensorParams|encoders|_classifierInput|n_244.modelParams|spParams|synPermInactiveDec_0.0522860014974,  4391,  1,  None,  0.0546898866303,  9,  12,  2,  None,  None,  244,  0.0522860014974,  16.4433616147,  47.1113296624, 
1001,  1427,  completed,  eof,  2014-08-07 16:45:32,  2014-08-07 16:46:16,  44,  modelParams|clParams|alpha_0.00487252488927.modelParams|tpParams|minThreshold_9.modelParams|tpParams|activationThreshold_12.modelParams|tpParams|pamLength_1.modelParams|sensorParams|encoders|timestamp_dayOfWeek:radius_1.83727930168.modelParams|sensorParams|encoders|_classifierInput|n_28.modelParams|spParams|synPermInactiveDec_0.1,  4391,  None,  None,  0.00487252488927,  9,  12,  1,  1.83727930168,  None,  28,  0.1,  19.5117888763,  55.9025787787, 
1001,  1428,  completed,  eof,  2014-08-07 16:45:58,  2014-08-07 16:46:42,  44,  modelParams|sensorParams|encoders|timestamp_timeOfDay:radius_6.472839149.modelParams|clParams|alpha_0.0671130869034.modelParams|tpParams|minThreshold_10.modelParams|tpParams|activationThreshold_14.modelParams|tpParams|pamLength_3.modelParams|sensorParams|encoders|_classifierInput|n_344.modelParams|spParams|synPermInactiveDec_0.0452879194432,  4391,  None,  6.472839149,  0.0671130869034,  10,  14,  3,  None,  None,  344,  0.0452879194432,  8.5507736353,  24.498537771, 
1001,  1429,  completed,  eof,  2014-08-07 16:46:00,  2014-08-07 16:46:46,  46,  modelParams|sensorParams|encoders|timestamp_weekend:radius_1.modelParams|clParams|alpha_0.0500458980886.modelParams|tpParams|minThreshold_9.modelParams|tpParams|activationThreshold_12.modelParams|tpParams|pamLength_2.modelParams|sensorParams|encoders|_classifierInput|n_221.modelParams|spParams|synPermInactiveDec_0.0571216531495,  4391,  1,  None,  0.0500458980886,  9,  12,  2,  None,  None,  221,  0.0571216531495,  16.5509735423,  47.4196450247, 
1001,  1430,  completed,  eof,  2014-08-07 16:46:11,  2014-08-07 16:46:54,  43,  modelParams|clParams|alpha_0.0062784769494.modelParams|tpParams|minThreshold_9.modelParams|tpParams|activationThreshold_12.modelParams|tpParams|pamLength_1.modelParams|sensorParams|encoders|timestamp_dayOfWeek:radius_1.84912021521.modelParams|sensorParams|encoders|_classifierInput|n_28.modelParams|spParams|synPermInactiveDec_0.0962883285577,  4391,  None,  None,  0.0062784769494,  9,  12,  1,  1.84912021521,  None,  28,  0.0962883285577,  18.6239945685,  53.3589887703, 
1001,  1431,  completed,  eof,  2014-08-07 16:46:16,  2014-08-07 16:47:00,  44,  modelParams|sensorParams|encoders|timestamp_timeOfDay:radius_6.62026644667.modelParams|clParams|alpha_0.0658157250833.modelParams|tpParams|minThreshold_10.modelParams|tpParams|activationThreshold_14.modelParams|tpParams|pamLength_3.modelParams|sensorParams|encoders|_classifierInput|n_338.modelParams|spParams|synPermInactiveDec_0.0455596067343,  4391,  None,  6.62026644667,  0.0658157250833,  10,  14,  3,  None,  None,  338,  0.0455596067343,  8.62997745784,  24.7254620145, 
1001,  1432,  completed,  killed,  2014-08-07 16:46:42,  2014-08-07 16:46:46,  4,  modelParams|sensorParams|encoders|timestamp_weekend:radius_1.modelParams|clParams|alpha_0.054232933756.modelParams|tpParams|minThreshold_9.modelParams|tpParams|activationThreshold_12.modelParams|tpParams|pamLength_2.modelParams|sensorParams|encoders|_classifierInput|n_236.modelParams|spParams|synPermInactiveDec_0.0531436899145,  350,  1,  None,  0.054232933756,  9,  12,  2,  None,  None,  236,  0.0531436899145,  17.9850144974,  63.9533965682, 
1001,  1433,  completed,  eof,  2014-08-07 16:46:46,  2014-08-07 16:47:30,  44,  modelParams|clParams|alpha_0.00737828900217.modelParams|tpParams|minThreshold_9.modelParams|tpParams|activationThreshold_12.modelParams|tpParams|pamLength_1.modelParams|sensorParams|encoders|timestamp_dayOfWeek:radius_1.86837583057.modelParams|sensorParams|encoders|_classifierInput|n_28.modelParams|spParams|synPermInactiveDec_0.097162316337,  4391,  None,  None,  0.00737828900217,  9,  12,  1,  1.86837583057,  None,  28,  0.097162316337,  18.5755245338,  53.2201188824, 
1001,  1434,  completed,  eof,  2014-08-07 16:46:47,  2014-08-07 16:47:29,  42,  modelParams|sensorParams|encoders|timestamp_timeOfDay:radius_6.45772913232.modelParams|clParams|alpha_0.0677488658017.modelParams|tpParams|minThreshold_9.modelParams|tpParams|activationThreshold_14.modelParams|tpParams|pamLength_3.modelParams|sensorParams|encoders|_classifierInput|n_335.modelParams|spParams|synPermInactiveDec_0.0452883352456,  4391,  None,  6.45772913232,  0.0677488658017,  9,  14,  3,  None,  None,  335,  0.0452883352456,  8.35604374251,  23.9406236176, 
1001,  1435,  completed,  eof,  2014-08-07 16:46:54,  2014-08-07 16:47:37,  43,  modelParams|clParams|alpha_0.00760748026292.modelParams|tpParams|minThreshold_9.modelParams|tpParams|activationThreshold_12.modelParams|tpParams|pamLength_1.modelParams|sensorParams|encoders|timestamp_dayOfWeek:radius_1.9862263388.modelParams|sensorParams|encoders|_classifierInput|n_28.modelParams|spParams|synPermInactiveDec_0.0973630995465,  4391,  None,  None,  0.00760748026292,  9,  12,  1,  1.9862263388,  None,  28,  0.0973630995465,  18.5280116218,  53.0839912153, 
1001,  1436,  completed,  eof,  2014-08-07 16:47:00,  2014-08-07 16:47:45,  45,  modelParams|sensorParams|encoders|timestamp_timeOfDay:radius_6.33755980544.modelParams|clParams|alpha_0.0677327798766.modelParams|tpParams|minThreshold_10.modelParams|tpParams|activationThreshold_14.modelParams|tpParams|pamLength_3.modelParams|sensorParams|encoders|_classifierInput|n_345.modelParams|spParams|synPermInactiveDec_0.0441508869076,  4391,  None,  6.33755980544,  0.0677327798766,  10,  14,  3,  None,  None,  345,  0.0441508869076,  8.5542734245,  24.5085649009, 
1001,  1437,  completed,  eof,  2014-08-07 16:47:29,  2014-08-07 16:48:11,  42,  modelParams|clParams|alpha_0.00692574504658.modelParams|tpParams|minThreshold_9.modelParams|tpParams|activationThreshold_12.modelParams|tpParams|pamLength_1.modelParams|sensorParams|encoders|timestamp_dayOfWeek:radius_1.80492533921.modelParams|sensorParams|encoders|_classifierInput|n_28.modelParams|spParams|synPermInactiveDec_0.0975422934519,  4391,  None,  None,  0.00692574504658,  9,  12,  1,  1.80492533921,  None,  28,  0.0975422934519,  19.4212053101,  55.6430508092, 
1001,  1438,  completed,  eof,  2014-08-07 16:47:30,  2014-08-07 16:48:13,  43,  modelParams|sensorParams|encoders|timestamp_timeOfDay:radius_6.82828092795.modelParams|clParams|alpha_0.0655489851159.modelParams|tpParams|minThreshold_10.modelParams|tpParams|activationThreshold_14.modelParams|tpParams|pamLength_3.modelParams|sensorParams|encoders|_classifierInput|n_327.modelParams|spParams|synPermInactiveDec_0.0457109773491,  4391,  None,  6.82828092795,  0.0655489851159,  10,  14,  3,  None,  None,  327,  0.0457109773491,  8.46480438938,  24.2522301376, 
1001,  1439,  completed,  eof,  2014-08-07 16:47:38,  2014-08-07 16:48:21,  43,  modelParams|clParams|alpha_0.0070647634681.modelParams|tpParams|minThreshold_9.modelParams|tpParams|activationThreshold_12.modelParams|tpParams|pamLength_1.modelParams|sensorParams|encoders|timestamp_dayOfWeek:radius_1.74392217507.modelParams|sensorParams|encoders|_classifierInput|n_28.modelParams|spParams|synPermInactiveDec_0.0982351660292,  4391,  None,  None,  0.0070647634681,  9,  12,  1,  1.74392217507,  None,  28,  0.0982351660292,  18.9386553548,  54.2605129466, 
1001,  1440,  completed,  eof,  2014-08-07 16:47:45,  2014-08-07 16:48:29,  44,  modelParams|sensorParams|encoders|timestamp_timeOfDay:radius_6.26067901579.modelParams|clParams|alpha_0.0696017047787.modelParams|tpParams|minThreshold_10.modelParams|tpParams|activationThreshold_14.modelParams|tpParams|pamLength_3.modelParams|sensorParams|encoders|_classifierInput|n_351.modelParams|spParams|synPermInactiveDec_0.0416152133769,  4391,  None,  6.26067901579,  0.0696017047787,  10,  14,  3,  None,  None,  351,  0.0416152133769,  8.8956218713,  25.4865510076, 
1001,  1441,  completed,  killed,  2014-08-07 16:48:12,  2014-08-07 16:48:21,  9,  modelParams|clParams|alpha_0.00486667227029.modelParams|tpParams|minThreshold_9.modelParams|tpParams|activationThreshold_12.modelParams|tpParams|pamLength_1.modelParams|sensorParams|encoders|timestamp_dayOfWeek:radius_1.73973400275.modelParams|sensorParams|encoders|_classifierInput|n_28.modelParams|spParams|synPermInactiveDec_0.0986953688497,  850,  None,  None,  0.00486667227029,  9,  12,  1,  1.73973400275,  None,  28,  0.0986953688497,  13.4746620596,  47.6831074438, 
1001,  1442,  completed,  killed,  2014-08-07 16:48:14,  2014-08-07 16:48:29,  15,  modelParams|sensorParams|encoders|timestamp_timeOfDay:radius_6.72922557196.modelParams|clParams|alpha_0.0669353889241.modelParams|tpParams|minThreshold_10.modelParams|tpParams|activationThreshold_14.modelParams|tpParams|pamLength_3.modelParams|sensorParams|encoders|_classifierInput|n_341.modelParams|spParams|synPermInactiveDec_0.044739801881,  1400,  None,  6.72922557196,  0.0669353889241,  10,  14,  3,  None,  None,  341,  0.044739801881,  6.52831567815,  23.362053808, 
1001,  1443,  completed,  killed,  2014-08-07 16:48:22,  2014-08-07 16:48:29,  7,  modelParams|sensorParams|encoders|timestamp_timeOfDay:radius_6.48575522957.modelParams|clParams|alpha_0.0683461580089.modelParams|tpParams|minThreshold_11.modelParams|tpParams|activationThreshold_14.modelParams|tpParams|pamLength_3.modelParams|sensorParams|encoders|_classifierInput|n_345.modelParams|spParams|synPermInactiveDec_0.0438290663476,  600,  None,  6.48575522957,  0.0683461580089,  11,  14,  3,  None,  None,  345,  0.0438290663476,  6.44730007953,  23.1482167869, 
1001,  1444,  completed,  killed,  2014-08-07 16:48:22,  2014-08-07 16:48:30,  8,  modelParams|sensorParams|encoders|timestamp_timeOfDay:radius_6.53616339969.modelParams|clParams|alpha_0.0681856100434.modelParams|tpParams|minThreshold_10.modelParams|tpParams|activationThreshold_14.modelParams|tpParams|pamLength_3.modelParams|sensorParams|encoders|_classifierInput|n_347.modelParams|spParams|synPermInactiveDec_0.0435620852974,  600,  None,  6.53616339969,  0.0681856100434,  10,  14,  3,  None,  None,  347,  0.0435620852974,  6.38705743324,  22.9319231727, 
1001,  1445,  completed,  eof,  2014-08-07 16:48:29,  2014-08-07 16:49:48,  79,  modelParams|sensorParams|encoders|timestamp_timeOfDay:radius_7.06674357483.modelParams|clParams|alpha_0.05005.modelParams|tpParams|minThreshold_11.modelParams|tpParams|activationThreshold_14.modelParams|tpParams|pamLength_3.modelParams|sensorParams|encoders|kw_energy_consumption:n_272.modelParams|sensorParams|encoders|_classifierInput|n_275.modelParams|spParams|synPermInactiveDec_0.05015,  4391,  None,  7.06674357483,  0.05005,  11,  14,  3,  None,  272,  275,  0.05015,  7.38180962436,  21.1493777773, 
1001,  1466,  completed,  eof,  2014-08-07 16:48:30,  2014-08-07 16:49:24,  54,  modelParams|sensorParams|encoders|timestamp_weekend:radius_1.modelParams|sensorParams|encoders|timestamp_timeOfDay:radius_7.06674357483.modelParams|clParams|alpha_0.05005.modelParams|tpParams|minThreshold_11.modelParams|tpParams|activationThreshold_14.modelParams|tpParams|pamLength_3.modelParams|sensorParams|encoders|_classifierInput|n_275.modelParams|spParams|synPermInactiveDec_0.05015,  4391,  1,  7.06674357483,  0.05005,  11,  14,  3,  None,  None,  275,  0.05015,  6.38761126084,  18.3009330401, 
1001,  1470,  completed,  eof,  2014-08-07 16:48:30,  2014-08-07 16:49:13,  43,  modelParams|sensorParams|encoders|timestamp_timeOfDay:radius_7.06674357483.modelParams|clParams|alpha_0.0001.modelParams|tpParams|minThreshold_9.modelParams|tpParams|activationThreshold_12.modelParams|tpParams|pamLength_1.modelParams|sensorParams|encoders|kw_energy_consumption:n_22.modelParams|sensorParams|encoders|_classifierInput|n_28.modelParams|spParams|synPermInactiveDec_0.1,  4391,  None,  7.06674357483,  0.0001,  9,  12,  1,  None,  22,  28,  0.1,  9.35722468586,  26.8090739126, 
1001,  1478,  completed,  eof,  2014-08-07 16:48:30,  2014-08-07 16:49:20,  50,  modelParams|sensorParams|encoders|timestamp_weekend:radius_1.modelParams|sensorParams|encoders|timestamp_timeOfDay:radius_7.06674357483.modelParams|clParams|alpha_0.0001.modelParams|tpParams|minThreshold_9.modelParams|tpParams|activationThreshold_12.modelParams|tpParams|pamLength_1.modelParams|sensorParams|encoders|_classifierInput|n_28.modelParams|spParams|synPermInactiveDec_0.1,  4391,  1,  7.06674357483,  0.0001,  9,  12,  1,  None,  None,  28,  0.1,  6.88608828348,  19.7291030149, 
1001,  1479,  completed,  eof,  2014-08-07 16:49:13,  2014-08-07 16:51:24,  131,  modelParams|sensorParams|encoders|timestamp_timeOfDay:radius_6.48824386727.modelParams|clParams|alpha_0.1.modelParams|tpParams|minThreshold_12.modelParams|tpParams|activationThreshold_16.modelParams|tpParams|pamLength_5.modelParams|sensorParams|encoders|kw_energy_consumption:n_521.modelParams|sensorParams|encoders|_classifierInput|n_521.modelParams|spParams|synPermInactiveDec_0.0003,  4391,  None,  6.48824386727,  0.1,  12,  16,  5,  None,  521,  521,  0.0003,  8.34481014319,  23.908438605, 
1001,  1480,  completed,  eof,  2014-08-07 16:49:20,  2014-08-07 16:50:29,  69,  modelParams|sensorParams|encoders|timestamp_weekend:radius_1.modelParams|sensorParams|encoders|timestamp_timeOfDay:radius_6.48824386727.modelParams|clParams|alpha_0.1.modelParams|tpParams|minThreshold_12.modelParams|tpParams|activationThreshold_16.modelParams|tpParams|pamLength_5.modelParams|sensorParams|encoders|_classifierInput|n_521.modelParams|spParams|synPermInactiveDec_0.0003,  4391,  1,  6.48824386727,  0.1,  12,  16,  5,  None,  None,  521,  0.0003,  6.76384675058,  19.3788728557, 
1001,  1481,  completed,  eof,  2014-08-07 16:49:24,  2014-08-07 16:50:31,  67,  modelParams|sensorParams|encoders|timestamp_timeOfDay:radius_6.44562767903.modelParams|clParams|alpha_0.025075.modelParams|tpParams|minThreshold_10.modelParams|tpParams|activationThreshold_13.modelParams|tpParams|pamLength_2.modelParams|sensorParams|encoders|kw_energy_consumption:n_147.modelParams|sensorParams|encoders|_classifierInput|n_151.modelParams|spParams|synPermInactiveDec_0.075075,  4391,  None,  6.44562767903,  0.025075,  10,  13,  2,  None,  147,  151,  0.075075,  6.87998126872,  19.7116060095, 
1001,  1482,  completed,  eof,  2014-08-07 16:49:48,  2014-08-07 16:50:39,  51,  modelParams|sensorParams|encoders|timestamp_weekend:radius_1.modelParams|sensorParams|encoders|timestamp_timeOfDay:radius_6.44562767903.modelParams|clParams|alpha_0.025075.modelParams|tpParams|minThreshold_10.modelParams|tpParams|activationThreshold_13.modelParams|tpParams|pamLength_2.modelParams|sensorParams|encoders|_classifierInput|n_151.modelParams|spParams|synPermInactiveDec_0.075075,  4391,  1,  6.44562767903,  0.025075,  10,  13,  2,  None,  None,  151,  0.075075,  6.36631701441,  18.2399236013, 
1001,  1483,  completed,  eof,  2014-08-07 16:50:29,  2014-08-07 16:52:01,  92,  modelParams|sensorParams|encoders|timestamp_timeOfDay:radius_7.59681932463.modelParams|clParams|alpha_0.075025.modelParams|tpParams|minThreshold_11.modelParams|tpParams|activationThreshold_15.modelParams|tpParams|pamLength_4.modelParams|sensorParams|encoders|kw_energy_consumption:n_396.modelParams|sensorParams|encoders|_classifierInput|n_398.modelParams|spParams|synPermInactiveDec_0.025225,  4391,  None,  7.59681932463,  0.075025,  11,  15,  4,  None,  396,  398,  0.025225,  8.57533750232,  24.5689148912, 
1001,  1484,  completed,  eof,  2014-08-07 16:50:31,  2014-08-07 16:51:29,  58,  modelParams|sensorParams|encoders|timestamp_weekend:radius_1.modelParams|sensorParams|encoders|timestamp_timeOfDay:radius_7.59681932463.modelParams|clParams|alpha_0.075025.modelParams|tpParams|minThreshold_11.modelParams|tpParams|activationThreshold_15.modelParams|tpParams|pamLength_4.modelParams|sensorParams|encoders|_classifierInput|n_398.modelParams|spParams|synPermInactiveDec_0.025225,  4391,  1,  7.59681932463,  0.075025,  11,  15,  4,  None,  None,  398,  0.025225,  7.25502413135,  20.7861288688, 
1001,  1485,  completed,  eof,  2014-08-07 16:50:39,  2014-08-07 16:51:49,  70,  modelParams|sensorParams|encoders|timestamp_timeOfDay:radius_6.70738702714.modelParams|clParams|alpha_0.0328351247259.modelParams|tpParams|minThreshold_10.modelParams|tpParams|activationThreshold_13.modelParams|tpParams|pamLength_2.modelParams|sensorParams|encoders|kw_energy_consumption:n_171.modelParams|sensorParams|encoders|_classifierInput|n_190.modelParams|spParams|synPermInactiveDec_0.0805080665616,  4391,  None,  6.70738702714,  0.0328351247259,  10,  13,  2,  None,  171,  190,  0.0805080665616,  7.33254167619,  21.008221814, 
1001,  1486,  completed,  eof,  2014-08-07 16:51:24,  2014-08-07 16:52:16,  52,  modelParams|sensorParams|encoders|timestamp_weekend:radius_1.modelParams|sensorParams|encoders|timestamp_timeOfDay:radius_6.64527082561.modelParams|clParams|alpha_0.0277076525705.modelParams|tpParams|minThreshold_9.modelParams|tpParams|activationThreshold_13.modelParams|tpParams|pamLength_2.modelParams|sensorParams|encoders|_classifierInput|n_199.modelParams|spParams|synPermInactiveDec_0.0815543478447,  4391,  1,  6.64527082561,  0.0277076525705,  9,  13,  2,  None,  None,  199,  0.0815543478447,  6.32254360653,  18.1145098631, 
1001,  1487,  completed,  eof,  2014-08-07 16:51:29,  2014-08-07 16:52:34,  65,  modelParams|sensorParams|encoders|timestamp_timeOfDay:radius_6.70738702714.modelParams|clParams|alpha_0.0273048752741.modelParams|tpParams|minThreshold_10.modelParams|tpParams|activationThreshold_13.modelParams|tpParams|pamLength_2.modelParams|sensorParams|encoders|kw_energy_consumption:n_122.modelParams|sensorParams|encoders|_classifierInput|n_161.modelParams|spParams|synPermInactiveDec_0.0696419334384,  4391,  None,  6.70738702714,  0.0273048752741,  10,  13,  2,  None,  122,  161,  0.0696419334384,  7.07737335783,  20.2771475333, 
1001,  1488,  completed,  eof,  2014-08-07 16:51:49,  2014-08-07 16:52:34,  45,  modelParams|sensorParams|encoders|timestamp_weekend:radius_1.modelParams|sensorParams|encoders|timestamp_timeOfDay:radius_6.64527082561.modelParams|clParams|alpha_0.0324323474295.modelParams|tpParams|minThreshold_10.modelParams|tpParams|activationThreshold_13.modelParams|tpParams|pamLength_2.modelParams|sensorParams|encoders|_classifierInput|n_103.modelParams|spParams|synPermInactiveDec_0.0685956521553,  4391,  1,  6.64527082561,  0.0324323474295,  10,  13,  2,  None,  None,  103,  0.0685956521553,  6.67430465232,  19.1223287616, 
1001,  1489,  completed,  eof,  2014-08-07 16:52:02,  2014-08-07 16:53:10,  68,  modelParams|sensorParams|encoders|timestamp_timeOfDay:radius_6.45284964457.modelParams|clParams|alpha_0.0383653741777.modelParams|tpParams|minThreshold_10.modelParams|tpParams|activationThreshold_13.modelParams|tpParams|pamLength_2.modelParams|sensorParams|encoders|kw_energy_consumption:n_171.modelParams|sensorParams|encoders|_classifierInput|n_220.modelParams|spParams|synPermInactiveDec_0.0814041996848,  4391,  None,  6.45284964457,  0.0383653741777,  10,  13,  2,  None,  171,  220,  0.0814041996848,  7.16511673118,  20.5285381604, 
1001,  1490,  completed,  eof,  2014-08-07 16:52:16,  2014-08-07 16:53:07,  51,  modelParams|sensorParams|encoders|timestamp_weekend:radius_1.modelParams|sensorParams|encoders|timestamp_timeOfDay:radius_6.63026531398.modelParams|clParams|alpha_0.0258646289019.modelParams|tpParams|minThreshold_9.modelParams|tpParams|activationThreshold_13.modelParams|tpParams|pamLength_2.modelParams|sensorParams|encoders|_classifierInput|n_285.modelParams|spParams|synPermInactiveDec_0.0914108527422,  4391,  1,  6.63026531398,  0.0258646289019,  9,  13,  2,  None,  None,  285,  0.0914108527422,  6.36199432778,  18.2275388153, 
1001,  1491,  completed,  eof,  2014-08-07 16:52:34,  2014-08-07 16:53:37,  63,  modelParams|sensorParams|encoders|timestamp_timeOfDay:radius_6.43409870508.modelParams|clParams|alpha_0.02008.modelParams|tpParams|minThreshold_10.modelParams|tpParams|activationThreshold_13.modelParams|tpParams|pamLength_2.modelParams|sensorParams|encoders|kw_energy_consumption:n_122.modelParams|sensorParams|encoders|_classifierInput|n_127.modelParams|spParams|synPermInactiveDec_0.07009,  4391,  None,  6.43409870508,  0.02008,  10,  13,  2,  None,  122,  127,  0.07009,  6.94194495778,  19.8891361187, 
1001,  1492,  completed,  eof,  2014-08-07 16:52:34,  2014-08-07 16:53:22,  48,  modelParams|sensorParams|encoders|timestamp_weekend:radius_1.modelParams|sensorParams|encoders|timestamp_timeOfDay:radius_6.61577630975.modelParams|clParams|alpha_0.0229616711904.modelParams|tpParams|minThreshold_9.modelParams|tpParams|activationThreshold_13.modelParams|tpParams|pamLength_2.modelParams|sensorParams|encoders|_classifierInput|n_166.modelParams|spParams|synPermInactiveDec_0.0769578092082,  4391,  1,  6.61577630975,  0.0229616711904,  9,  13,  2,  None,  None,  166,  0.0769578092082,  6.69762164791,  19.1891335119, 
1001,  1493,  completed,  eof,  2014-08-07 16:53:07,  2014-08-07 16:54:16,  69,  modelParams|sensorParams|encoders|timestamp_timeOfDay:radius_6.94061807662.modelParams|clParams|alpha_0.0356002494518.modelParams|tpParams|minThreshold_9.modelParams|tpParams|activationThreshold_13.modelParams|tpParams|pamLength_2.modelParams|sensorParams|encoders|kw_energy_consumption:n_172.modelParams|sensorParams|encoders|_classifierInput|n_205.modelParams|spParams|synPermInactiveDec_0.0709861331232,  4391,  None,  6.94061807662,  0.0356002494518,  9,  13,  2,  None,  172,  205,  0.0709861331232,  7.04884208566,  20.1954035322, 
1001,  1494,  completed,  eof,  2014-08-07 16:53:10,  2014-08-07 16:54:03,  53,  modelParams|sensorParams|encoders|timestamp_weekend:radius_1.modelParams|sensorParams|encoders|timestamp_timeOfDay:radius_7.00716796883.modelParams|clParams|alpha_0.0282269763314.modelParams|tpParams|minThreshold_9.modelParams|tpParams|activationThreshold_13.modelParams|tpParams|pamLength_2.modelParams|sensorParams|encoders|_classifierInput|n_261.modelParams|spParams|synPermInactiveDec_0.0799465048975,  4391,  1,  7.00716796883,  0.0282269763314,  9,  13,  2,  None,  None,  261,  0.0799465048975,  6.4631596789,  18.5173843054, 
1001,  1495,  completed,  killed,  2014-08-07 16:53:22,  2014-08-07 16:54:16,  54,  modelParams|sensorParams|encoders|timestamp_timeOfDay:radius_6.40552169214.modelParams|clParams|alpha_0.0216304488594.modelParams|tpParams|minThreshold_9.modelParams|tpParams|activationThreshold_13.modelParams|tpParams|pamLength_2.modelParams|sensorParams|encoders|kw_energy_consumption:n_122.modelParams|sensorParams|encoders|_classifierInput|n_135.modelParams|spParams|synPermInactiveDec_0.0825668486182,  3800,  None,  6.40552169214,  0.0216304488594,  9,  13,  2,  None,  122,  135,  0.0825668486182,  6.77143197196,  19.6351931264, 
1001,  1496,  completed,  eof,  2014-08-07 16:53:37,  2014-08-07 16:54:27,  50,  modelParams|sensorParams|encoders|timestamp_weekend:radius_1.modelParams|sensorParams|encoders|timestamp_timeOfDay:radius_6.53990263831.modelParams|clParams|alpha_0.0221220657131.modelParams|tpParams|minThreshold_9.modelParams|tpParams|activationThreshold_13.modelParams|tpParams|pamLength_2.modelParams|sensorParams|encoders|_classifierInput|n_180.modelParams|spParams|synPermInactiveDec_0.0894054348058,  4391,  1,  6.53990263831,  0.0221220657131,  9,  13,  2,  None,  None,  180,  0.0894054348058,  6.59536484362,  18.8961609354, 
1001,  1497,  completed,  killed,  2014-08-07 16:54:03,  2014-08-07 16:54:16,  13,  modelParams|sensorParams|encoders|timestamp_timeOfDay:radius_6.40552169214.modelParams|clParams|alpha_0.032123101031.modelParams|tpParams|minThreshold_11.modelParams|tpParams|activationThreshold_13.modelParams|tpParams|pamLength_2.modelParams|sensorParams|encoders|kw_energy_consumption:n_172.modelParams|sensorParams|encoders|_classifierInput|n_185.modelParams|spParams|synPermInactiveDec_0.0675831513818,  900,  None,  6.40552169214,  0.032123101031,  11,  13,  2,  None,  172,  185,  0.0675831513818,  5.17197839402,  18.4301303545, 
1001,  1498,  completed,  eof,  2014-08-07 16:54:16,  2014-08-07 16:55:04,  48,  modelParams|sensorParams|encoders|timestamp_weekend:radius_1.modelParams|sensorParams|encoders|timestamp_timeOfDay:radius_6.53990263831.modelParams|clParams|alpha_0.0353438376959.modelParams|tpParams|minThreshold_9.modelParams|tpParams|activationThreshold_13.modelParams|tpParams|pamLength_2.modelParams|sensorParams|encoders|_classifierInput|n_200.modelParams|spParams|synPermInactiveDec_0.0744801836106,  4391,  1,  6.53990263831,  0.0353438376959,  9,  13,  2,  None,  None,  200,  0.0744801836106,  6.88375877835,  19.722428827, 
1001,  1499,  completed,  eof,  2014-08-07 16:54:16,  2014-08-07 16:55:07,  51,  modelParams|sensorParams|encoders|timestamp_weekend:radius_1.modelParams|sensorParams|encoders|timestamp_timeOfDay:radius_6.67942586722.modelParams|clParams|alpha_0.00934813861384.modelParams|tpParams|minThreshold_9.modelParams|tpParams|activationThreshold_12.modelParams|tpParams|pamLength_1.modelParams|sensorParams|encoders|_classifierInput|n_156.modelParams|spParams|synPermInactiveDec_0.1,  4391,  1,  6.67942586722,  0.00934813861384,  9,  12,  1,  None,  None,  156,  0.1,  6.57256206761,  18.8308294586, 
1001,  1500,  completed,  eof,  2014-08-07 16:54:16,  2014-08-07 16:55:08,  52,  modelParams|sensorParams|encoders|timestamp_weekend:radius_1.modelParams|sensorParams|encoders|timestamp_timeOfDay:radius_6.65069854204.modelParams|clParams|alpha_0.0280980730901.modelParams|tpParams|minThreshold_9.modelParams|tpParams|activationThreshold_13.modelParams|tpParams|pamLength_2.modelParams|sensorParams|encoders|_classifierInput|n_192.modelParams|spParams|synPermInactiveDec_0.0818866308128,  4391,  1,  6.65069854204,  0.0280980730901,  9,  13,  2,  None,  None,  192,  0.0818866308128,  6.28886291693,  18.018012437, 
1001,  1501,  completed,  eof,  2014-08-07 16:54:27,  2014-08-07 16:55:16,  49,  modelParams|sensorParams|encoders|timestamp_weekend:radius_1.modelParams|sensorParams|encoders|timestamp_timeOfDay:radius_6.53042448546.modelParams|clParams|alpha_0.0159590246052.modelParams|tpParams|minThreshold_9.modelParams|tpParams|activationThreshold_12.modelParams|tpParams|pamLength_2.modelParams|sensorParams|encoders|_classifierInput|n_177.modelParams|spParams|synPermInactiveDec_0.0953311203235,  4391,  1,  6.53042448546,  0.0159590246052,  9,  12,  2,  None,  None,  177,  0.0953311203235,  6.78688575108,  19.4448811315, 
1001,  1502,  completed,  eof,  2014-08-07 16:55:04,  2014-08-07 16:55:55,  51,  modelParams|sensorParams|encoders|timestamp_weekend:radius_1.modelParams|sensorParams|encoders|timestamp_timeOfDay:radius_6.63078404887.modelParams|clParams|alpha_0.0280813817266.modelParams|tpParams|minThreshold_9.modelParams|tpParams|activationThreshold_13.modelParams|tpParams|pamLength_2.modelParams|sensorParams|encoders|_classifierInput|n_195.modelParams|spParams|synPermInactiveDec_0.081320090722,  4391,  1,  6.63078404887,  0.0280813817266,  9,  13,  2,  None,  None,  195,  0.081320090722,  6.12568994512,  17.5505109707, 
1001,  1503,  completed,  eof,  2014-08-07 16:55:07,  2014-08-07 16:55:57,  50,  modelParams|sensorParams|encoders|timestamp_weekend:radius_1.modelParams|sensorParams|encoders|timestamp_timeOfDay:radius_6.63078404887.modelParams|clParams|alpha_0.0270659443074.modelParams|tpParams|minThreshold_10.modelParams|tpParams|activationThreshold_13.modelParams|tpParams|pamLength_2.modelParams|sensorParams|encoders|_classifierInput|n_199.modelParams|spParams|synPermInactiveDec_0.082155690628,  4391,  1,  6.63078404887,  0.0270659443074,  10,  13,  2,  None,  None,  199,  0.082155690628,  6.14953633411,  17.6188324684, 
1001,  1504,  completed,  eof,  2014-08-07 16:55:08,  2014-08-07 16:55:58,  50,  modelParams|sensorParams|encoders|timestamp_weekend:radius_1.modelParams|sensorParams|encoders|timestamp_timeOfDay:radius_6.65561873781.modelParams|clParams|alpha_0.029414442283.modelParams|tpParams|minThreshold_9.modelParams|tpParams|activationThreshold_13.modelParams|tpParams|pamLength_2.modelParams|sensorParams|encoders|_classifierInput|n_185.modelParams|spParams|synPermInactiveDec_0.0819946203148,  4391,  1,  6.65561873781,  0.029414442283,  9,  13,  2,  None,  None,  185,  0.0819946203148,  6.28422645371,  18.0047286602, 
1001,  1505,  completed,  eof,  2014-08-07 16:55:16,  2014-08-07 16:56:05,  49,  modelParams|sensorParams|encoders|timestamp_weekend:radius_1.modelParams|sensorParams|encoders|timestamp_timeOfDay:radius_6.65942910011.modelParams|clParams|alpha_0.029382173565.modelParams|tpParams|minThreshold_9.modelParams|tpParams|activationThreshold_13.modelParams|tpParams|pamLength_2.modelParams|sensorParams|encoders|_classifierInput|n_199.modelParams|spParams|synPermInactiveDec_0.083118836214,  4391,  1,  6.65942910011,  0.029382173565,  9,  13,  2,  None,  None,  199,  0.083118836214,  6.4461098119,  18.4685352973, 
1001,  1506,  completed,  eof,  2014-08-07 16:55:55,  2014-08-07 16:56:48,  53,  modelParams|sensorParams|encoders|timestamp_weekend:radius_1.modelParams|sensorParams|encoders|timestamp_timeOfDay:radius_6.5991080624.modelParams|clParams|alpha_0.0288884533991.modelParams|tpParams|minThreshold_9.modelParams|tpParams|activationThreshold_13.modelParams|tpParams|pamLength_1.modelParams|sensorParams|encoders|_classifierInput|n_191.modelParams|spParams|synPermInactiveDec_0.0809434032967,  4391,  1,  6.5991080624,  0.0288884533991,  9,  13,  1,  None,  None,  191,  0.0809434032967,  6.59946919797,  18.9079201849, 
1001,  1507,  completed,  eof,  2014-08-07 16:55:57,  2014-08-07 16:56:47,  50,  modelParams|sensorParams|encoders|timestamp_weekend:radius_1.modelParams|sensorParams|encoders|timestamp_timeOfDay:radius_6.65350440151.modelParams|clParams|alpha_0.0295712107299.modelParams|tpParams|minThreshold_9.modelParams|tpParams|activationThreshold_13.modelParams|tpParams|pamLength_2.modelParams|sensorParams|encoders|_classifierInput|n_199.modelParams|spParams|synPermInactiveDec_0.079298754701,  4391,  1,  6.65350440151,  0.0295712107299,  9,  13,  2,  None,  None,  199,  0.079298754701,  6.32154620252,  18.1116522339, 
1001,  1508,  completed,  eof,  2014-08-07 16:55:58,  2014-08-07 16:56:48,  50,  modelParams|sensorParams|encoders|timestamp_weekend:radius_1.modelParams|sensorParams|encoders|timestamp_timeOfDay:radius_6.65350440151.modelParams|clParams|alpha_0.0261079570672.modelParams|tpParams|minThreshold_9.modelParams|tpParams|activationThreshold_13.modelParams|tpParams|pamLength_2.modelParams|sensorParams|encoders|_classifierInput|n_195.modelParams|spParams|synPermInactiveDec_0.0831888701075,  4391,  1,  6.65350440151,  0.0261079570672,  9,  13,  2,  None,  None,  195,  0.0831888701075,  6.58232794561,  18.8588093516, 
1001,  1509,  completed,  eof,  2014-08-07 16:56:05,  2014-08-07 16:56:56,  51,  modelParams|sensorParams|encoders|timestamp_weekend:radius_1.modelParams|sensorParams|encoders|timestamp_timeOfDay:radius_6.62706709728.modelParams|clParams|alpha_0.0329718654645.modelParams|tpParams|minThreshold_9.modelParams|tpParams|activationThreshold_13.modelParams|tpParams|pamLength_3.modelParams|sensorParams|encoders|_classifierInput|n_201.modelParams|spParams|synPermInactiveDec_0.0767783052052,  4391,  1,  6.62706709728,  0.0329718654645,  9,  13,  3,  None,  None,  201,  0.0767783052052,  6.43144108001,  18.4265084004, 
1001,  1510,  completed,  eof,  2014-08-07 16:56:47,  2014-08-07 16:57:37,  50,  modelParams|sensorParams|encoders|timestamp_weekend:radius_1.modelParams|sensorParams|encoders|timestamp_timeOfDay:radius_6.63377645967.modelParams|clParams|alpha_0.0279938843187.modelParams|tpParams|minThreshold_9.modelParams|tpParams|activationThreshold_13.modelParams|tpParams|pamLength_2.modelParams|sensorParams|encoders|_classifierInput|n_195.modelParams|spParams|synPermInactiveDec_0.0812493585266,  4391,  1,  6.63377645967,  0.0279938843187,  9,  13,  2,  None,  None,  195,  0.0812493585266,  6.23043980825,  17.8506263272, 
1001,  1511,  completed,  eof,  2014-08-07 16:56:48,  2014-08-07 16:57:37,  49,  modelParams|sensorParams|encoders|timestamp_weekend:radius_1.modelParams|sensorParams|encoders|timestamp_timeOfDay:radius_6.72773704573.modelParams|clParams|alpha_0.0310903389457.modelParams|tpParams|minThreshold_9.modelParams|tpParams|activationThreshold_14.modelParams|tpParams|pamLength_2.modelParams|sensorParams|encoders|_classifierInput|n_216.modelParams|spParams|synPermInactiveDec_0.0775265435251,  4391,  1,  6.72773704573,  0.0310903389457,  9,  14,  2,  None,  None,  216,  0.0775265435251,  6.33409079018,  18.1475933157, 
1001,  1512,  completed,  killed,  2014-08-07 16:56:48,  2014-08-07 16:57:38,  50,  modelParams|sensorParams|encoders|timestamp_weekend:radius_1.modelParams|sensorParams|encoders|timestamp_timeOfDay:radius_6.63390780647.modelParams|clParams|alpha_0.0279816979243.modelParams|tpParams|minThreshold_9.modelParams|tpParams|activationThreshold_13.modelParams|tpParams|pamLength_2.modelParams|sensorParams|encoders|_classifierInput|n_196.modelParams|spParams|synPermInactiveDec_0.0813804024167,  4150,  1,  6.63390780647,  0.0279816979243,  9,  13,  2,  None,  None,  196,  0.0813804024167,  6.25558614137,  17.1398600482, 
1001,  1513,  completed,  killed,  2014-08-07 16:56:56,  2014-08-07 16:57:38,  42,  modelParams|sensorParams|encoders|timestamp_weekend:radius_1.modelParams|sensorParams|encoders|timestamp_timeOfDay:radius_6.63390780647.modelParams|clParams|alpha_0.0282415289186.modelParams|tpParams|minThreshold_9.modelParams|tpParams|activationThreshold_13.modelParams|tpParams|pamLength_2.modelParams|sensorParams|encoders|_classifierInput|n_195.modelParams|spParams|synPermInactiveDec_0.0812391658189,  3400,  1,  6.63390780647,  0.0282415289186,  9,  13,  2,  None,  None,  195,  0.0812391658189,  5.73686176148,  17.0524240514, 
1001,  1514,  completed,  killed,  2014-08-07 16:57:37,  2014-08-07 16:57:38,  1,  modelParams|sensorParams|encoders|timestamp_weekend:radius_1.modelParams|sensorParams|encoders|timestamp_timeOfDay:radius_6.6290933946.modelParams|clParams|alpha_0.0277172639293.modelParams|tpParams|minThreshold_9.modelParams|tpParams|activationThreshold_13.modelParams|tpParams|pamLength_2.modelParams|sensorParams|encoders|_classifierInput|n_196.modelParams|spParams|synPermInactiveDec_0.0814352921382,  50,  1,  6.6290933946,  0.0277172639293,  9,  13,  2,  None,  None,  196,  0.0814352921382,  12.6871836735,  48.3340071529, 
1001,  1515,  completed,  eof,  2014-08-07 16:57:38,  2014-08-07 16:58:55,  77,  modelParams|sensorParams|encoders|timestamp_weekend:radius_1.modelParams|sensorParams|encoders|timestamp_timeOfDay:radius_7.06674357483.modelParams|clParams|alpha_0.05005.modelParams|tpParams|minThreshold_11.modelParams|tpParams|activationThreshold_14.modelParams|tpParams|pamLength_3.modelParams|sensorParams|encoders|kw_energy_consumption:n_272.modelParams|sensorParams|encoders|_classifierInput|n_275.modelParams|spParams|synPermInactiveDec_0.05015,  4391,  1,  7.06674357483,  0.05005,  11,  14,  3,  None,  272,  275,  0.05015,  8.21703585532,  23.5423567333, 
1001,  1516,  completed,  eof,  2014-08-07 16:57:38,  2014-08-07 16:58:28,  50,  modelParams|sensorParams|encoders|timestamp_weekend:radius_1.modelParams|sensorParams|encoders|timestamp_timeOfDay:radius_7.06674357483.modelParams|clParams|alpha_0.0001.modelParams|tpParams|minThreshold_9.modelParams|tpParams|activationThreshold_12.modelParams|tpParams|pamLength_1.modelParams|sensorParams|encoders|kw_energy_consumption:n_22.modelParams|sensorParams|encoders|_classifierInput|n_28.modelParams|spParams|synPermInactiveDec_0.1,  4391,  1,  7.06674357483,  0.0001,  9,  12,  1,  None,  22,  28,  0.1,  7.46279558776,  21.3814079734, 
1001,  1527,  completed,  eof,  2014-08-07 16:57:38,  2014-08-07 17:00:12,  154,  modelParams|sensorParams|encoders|timestamp_weekend:radius_1.modelParams|sensorParams|encoders|timestamp_timeOfDay:radius_7.06674357483.modelParams|clParams|alpha_0.1.modelParams|tpParams|minThreshold_12.modelParams|tpParams|activationThreshold_16.modelParams|tpParams|pamLength_5.modelParams|sensorParams|encoders|kw_energy_consumption:n_521.modelParams|sensorParams|encoders|_classifierInput|n_521.modelParams|spParams|synPermInactiveDec_0.0003,  4391,  1,  7.06674357483,  0.1,  12,  16,  5,  None,  521,  521,  0.0003,  9.61236077497,  27.5400558544, 
1001,  1538,  completed,  eof,  2014-08-07 16:57:39,  2014-08-07 16:58:41,  62,  modelParams|sensorParams|encoders|timestamp_weekend:radius_1.modelParams|sensorParams|encoders|timestamp_timeOfDay:radius_5.91674357483.modelParams|clParams|alpha_0.025075.modelParams|tpParams|minThreshold_10.modelParams|tpParams|activationThreshold_13.modelParams|tpParams|pamLength_2.modelParams|sensorParams|encoders|kw_energy_consumption:n_147.modelParams|sensorParams|encoders|_classifierInput|n_151.modelParams|spParams|synPermInactiveDec_0.075075,  4391,  1,  5.91674357483,  0.025075,  10,  13,  2,  None,  147,  151,  0.075075,  7.20785727639,  20.650992678, 
1001,  1539,  completed,  eof,  2014-08-07 16:58:28,  2014-08-07 17:00:02,  94,  modelParams|sensorParams|encoders|timestamp_weekend:radius_1.modelParams|sensorParams|encoders|timestamp_timeOfDay:radius_6.39835097871.modelParams|clParams|alpha_0.075025.modelParams|tpParams|minThreshold_11.modelParams|tpParams|activationThreshold_15.modelParams|tpParams|pamLength_4.modelParams|sensorParams|encoders|kw_energy_consumption:n_396.modelParams|sensorParams|encoders|_classifierInput|n_398.modelParams|spParams|synPermInactiveDec_0.025225,  4391,  1,  6.39835097871,  0.075025,  11,  15,  4,  None,  396,  398,  0.025225,  8.77031956241,  25.1275515208, 
1001,  1540,  completed,  eof,  2014-08-07 16:58:41,  2014-08-07 16:59:43,  62,  modelParams|sensorParams|encoders|timestamp_weekend:radius_1.modelParams|sensorParams|encoders|timestamp_timeOfDay:radius_6.16398008838.modelParams|clParams|alpha_0.0324323474295.modelParams|tpParams|minThreshold_10.modelParams|tpParams|activationThreshold_13.modelParams|tpParams|pamLength_2.modelParams|sensorParams|encoders|kw_energy_consumption:n_98.modelParams|sensorParams|encoders|_classifierInput|n_183.modelParams|spParams|synPermInactiveDec_0.0728772069983,  4391,  1,  6.16398008838,  0.0324323474295,  10,  13,  2,  None,  98,  183,  0.0728772069983,  6.19207630709,  17.7407123332, 
1001,  1541,  completed,  eof,  2014-08-07 16:58:55,  2014-08-07 17:00:04,  69,  modelParams|sensorParams|encoders|timestamp_weekend:radius_1.modelParams|sensorParams|encoders|timestamp_timeOfDay:radius_6.16398008838.modelParams|clParams|alpha_0.0277076525705.modelParams|tpParams|minThreshold_9.modelParams|tpParams|activationThreshold_13.modelParams|tpParams|pamLength_2.modelParams|sensorParams|encoders|kw_energy_consumption:n_195.modelParams|sensorParams|encoders|_classifierInput|n_168.modelParams|spParams|synPermInactiveDec_0.0772727930017,  4391,  1,  6.16398008838,  0.0277076525705,  9,  13,  2,  None,  195,  168,  0.0772727930017,  7.94333838598,  22.7581951969, 
1001,  1542,  completed,  eof,  2014-08-07 16:59:43,  2014-08-07 17:00:45,  62,  modelParams|sensorParams|encoders|timestamp_weekend:radius_1.modelParams|sensorParams|encoders|timestamp_timeOfDay:radius_5.99798170159.modelParams|clParams|alpha_0.0381232677814.modelParams|tpParams|minThreshold_10.modelParams|tpParams|activationThreshold_13.modelParams|tpParams|pamLength_2.modelParams|sensorParams|encoders|kw_energy_consumption:n_82.modelParams|sensorParams|encoders|_classifierInput|n_161.modelParams|spParams|synPermInactiveDec_0.068137972456,  4391,  1,  5.99798170159,  0.0381232677814,  10,  13,  2,  None,  82,  161,  0.068137972456,  6.58540816498,  18.8676343859, 
1001,  1543,  completed,  eof,  2014-08-07 17:00:02,  2014-08-07 17:01:13,  71,  modelParams|sensorParams|encoders|timestamp_weekend:radius_1.modelParams|sensorParams|encoders|timestamp_timeOfDay:radius_6.16172257093.modelParams|clParams|alpha_0.0234085729224.modelParams|tpParams|minThreshold_9.modelParams|tpParams|activationThreshold_13.modelParams|tpParams|pamLength_2.modelParams|sensorParams|encoders|kw_energy_consumption:n_180.modelParams|sensorParams|encoders|_classifierInput|n_195.modelParams|spParams|synPermInactiveDec_0.0625635584595,  4391,  1,  6.16172257093,  0.0234085729224,  9,  13,  2,  None,  180,  195,  0.0625635584595,  7.51323778461,  21.5259282375, 
1001,  1544,  completed,  eof,  2014-08-07 17:00:05,  2014-08-07 17:01:16,  71,  modelParams|sensorParams|encoders|timestamp_weekend:radius_1.modelParams|sensorParams|encoders|timestamp_timeOfDay:radius_5.93828921677.modelParams|clParams|alpha_0.0405154342869.modelParams|tpParams|minThreshold_11.modelParams|tpParams|activationThreshold_13.modelParams|tpParams|pamLength_2.modelParams|sensorParams|encoders|kw_energy_consumption:n_117.modelParams|sensorParams|encoders|_classifierInput|n_222.modelParams|spParams|synPermInactiveDec_0.0660965087478,  4391,  1,  5.93828921677,  0.0405154342869,  11,  13,  2,  None,  117,  222,  0.0660965087478,  6.82841662671,  19.563869865, 
1001,  1545,  completed,  eof,  2014-08-07 17:00:12,  2014-08-07 17:01:16,  64,  modelParams|sensorParams|encoders|timestamp_weekend:radius_1.modelParams|sensorParams|encoders|timestamp_timeOfDay:radius_5.99798170159.modelParams|clParams|alpha_0.0381232677814.modelParams|tpParams|minThreshold_10.modelParams|tpParams|activationThreshold_13.modelParams|tpParams|pamLength_2.modelParams|sensorParams|encoders|kw_energy_consumption:n_82.modelParams|sensorParams|encoders|_classifierInput|n_161.modelParams|spParams|synPermInactiveDec_0.068137972456,  4391,  1,  5.99798170159,  0.0381232677814,  10,  13,  2,  None,  82,  161,  0.068137972456,  6.58540816498,  18.8676343859, 
1001,  1546,  completed,  eof,  2014-08-07 17:00:46,  2014-08-07 17:02:04,  78,  modelParams|sensorParams|encoders|timestamp_weekend:radius_1.modelParams|sensorParams|encoders|timestamp_timeOfDay:radius_6.38896821514.modelParams|clParams|alpha_0.0310362254929.modelParams|tpParams|minThreshold_10.modelParams|tpParams|activationThreshold_13.modelParams|tpParams|pamLength_2.modelParams|sensorParams|encoders|kw_energy_consumption:n_203.modelParams|sensorParams|encoders|_classifierInput|n_187.modelParams|spParams|synPermInactiveDec_0.0697463514613,  4391,  1,  6.38896821514,  0.0310362254929,  10,  13,  2,  None,  203,  187,  0.0697463514613,  7.80093861953,  22.3502103519, 
1001,  1547,  completed,  eof,  2014-08-07 17:01:13,  2014-08-07 17:02:24,  71,  modelParams|sensorParams|encoders|timestamp_weekend:radius_1.modelParams|sensorParams|encoders|timestamp_timeOfDay:radius_5.93828921677.modelParams|clParams|alpha_0.0272936623041.modelParams|tpParams|minThreshold_10.modelParams|tpParams|activationThreshold_13.modelParams|tpParams|pamLength_2.modelParams|sensorParams|encoders|kw_energy_consumption:n_97.modelParams|sensorParams|encoders|_classifierInput|n_157.modelParams|spParams|synPermInactiveDec_0.0801494361643,  4391,  1,  5.93828921677,  0.0272936623041,  10,  13,  2,  None,  97,  157,  0.0801494361643,  6.78671554035,  19.4443934664, 
1001,  1548,  completed,  eof,  2014-08-07 17:01:16,  2014-08-07 17:02:26,  70,  modelParams|sensorParams|encoders|timestamp_weekend:radius_1.modelParams|sensorParams|encoders|timestamp_timeOfDay:radius_6.16935171198.modelParams|clParams|alpha_0.0351561188367.modelParams|tpParams|minThreshold_10.modelParams|tpParams|activationThreshold_13.modelParams|tpParams|pamLength_2.modelParams|sensorParams|encoders|kw_energy_consumption:n_79.modelParams|sensorParams|encoders|_classifierInput|n_186.modelParams|spParams|synPermInactiveDec_0.070612991128,  4391,  1,  6.16935171198,  0.0351561188367,  10,  13,  2,  None,  79,  186,  0.070612991128,  6.55400417648,  18.7776598606, 
1001,  1549,  completed,  eof,  2014-08-07 17:01:16,  2014-08-07 17:02:23,  67,  modelParams|sensorParams|encoders|timestamp_weekend:radius_1.modelParams|sensorParams|encoders|timestamp_timeOfDay:radius_6.10461983634.modelParams|clParams|alpha_0.0203817858257.modelParams|tpParams|minThreshold_10.modelParams|tpParams|activationThreshold_12.modelParams|tpParams|pamLength_2.modelParams|sensorParams|encoders|kw_energy_consumption:n_59.modelParams|sensorParams|encoders|_classifierInput|n_131.modelParams|spParams|synPermInactiveDec_0.0810585357451,  4391,  1,  6.10461983634,  0.0203817858257,  10,  12,  2,  None,  59,  131,  0.0810585357451,  6.00288883307,  17.1986775799, 
1001,  1550,  completed,  eof,  2014-08-07 17:02:05,  2014-08-07 17:03:14,  69,  modelParams|sensorParams|encoders|timestamp_weekend:radius_1.modelParams|sensorParams|encoders|timestamp_timeOfDay:radius_6.16935171198.modelParams|clParams|alpha_0.0351561188367.modelParams|tpParams|minThreshold_10.modelParams|tpParams|activationThreshold_13.modelParams|tpParams|pamLength_2.modelParams|sensorParams|encoders|kw_energy_consumption:n_79.modelParams|sensorParams|encoders|_classifierInput|n_186.modelParams|spParams|synPermInactiveDec_0.070612991128,  4391,  1,  6.16935171198,  0.0351561188367,  10,  13,  2,  None,  79,  186,  0.070612991128,  6.55400417648,  18.7776598606, 
1001,  1551,  completed,  eof,  2014-08-07 17:02:24,  2014-08-07 17:03:25,  61,  modelParams|sensorParams|encoders|timestamp_weekend:radius_1.modelParams|sensorParams|encoders|timestamp_timeOfDay:radius_5.96076401586.modelParams|clParams|alpha_0.00213305488519.modelParams|tpParams|minThreshold_9.modelParams|tpParams|activationThreshold_12.modelParams|tpParams|pamLength_1.modelParams|sensorParams|encoders|kw_energy_consumption:n_22.modelParams|sensorParams|encoders|_classifierInput|n_45.modelParams|spParams|synPermInactiveDec_0.0971551527298,  4391,  1,  5.96076401586,  0.00213305488519,  9,  12,  1,  None,  22,  45,  0.0971551527298,  6.68090290708,  19.1412332023, 
1001,  1552,  completed,  eof,  2014-08-07 17:02:25,  2014-08-07 17:03:28,  63,  modelParams|sensorParams|encoders|timestamp_weekend:radius_1.modelParams|sensorParams|encoders|timestamp_timeOfDay:radius_6.07893195753.modelParams|clParams|alpha_0.0187011056713.modelParams|tpParams|minThreshold_9.modelParams|tpParams|activationThreshold_12.modelParams|tpParams|pamLength_2.modelParams|sensorParams|encoders|kw_energy_consumption:n_70.modelParams|sensorParams|encoders|_classifierInput|n_126.modelParams|spParams|synPermInactiveDec_0.0794158992229,  4391,  1,  6.07893195753,  0.0187011056713,  9,  12,  2,  None,  70,  126,  0.0794158992229,  6.46768506792,  18.5303498473, 
1001,  1553,  completed,  eof,  2014-08-07 17:02:26,  2014-08-07 17:03:29,  63,  modelParams|sensorParams|encoders|timestamp_weekend:radius_1.modelParams|sensorParams|encoders|timestamp_timeOfDay:radius_6.03322931329.modelParams|clParams|alpha_0.0196245043299.modelParams|tpParams|minThreshold_11.modelParams|tpParams|activationThreshold_12.modelParams|tpParams|pamLength_2.modelParams|sensorParams|encoders|kw_energy_consumption:n_42.modelParams|sensorParams|encoders|_classifierInput|n_127.modelParams|spParams|synPermInactiveDec_0.0816760376104,  4391,  1,  6.03322931329,  0.0196245043299,  11,  12,  2,  None,  42,  127,  0.0816760376104,  6.17709947106,  17.6978026973, 
1001,  1554,  completed,  eof,  2014-08-07 17:03:14,  2014-08-07 17:04:19,  65,  modelParams|sensorParams|encoders|timestamp_weekend:radius_1.modelParams|sensorParams|encoders|timestamp_timeOfDay:radius_6.15328744861.modelParams|clParams|alpha_0.0182425168033.modelParams|tpParams|minThreshold_10.modelParams|tpParams|activationThreshold_12.modelParams|tpParams|pamLength_2.modelParams|sensorParams|encoders|kw_energy_consumption:n_62.modelParams|sensorParams|encoders|_classifierInput|n_134.modelParams|spParams|synPermInactiveDec_0.0805092304309,  4391,  1,  6.15328744861,  0.0182425168033,  10,  12,  2,  None,  62,  134,  0.0805092304309,  6.43679853982,  18.4418578807, 
1001,  1555,  completed,  eof,  2014-08-07 17:03:25,  2014-08-07 17:04:34,  69,  modelParams|sensorParams|encoders|timestamp_weekend:radius_1.modelParams|sensorParams|encoders|timestamp_timeOfDay:radius_6.09034415269.modelParams|clParams|alpha_0.0196250890515.modelParams|tpParams|minThreshold_10.modelParams|tpParams|activationThreshold_12.modelParams|tpParams|pamLength_1.modelParams|sensorParams|encoders|kw_energy_consumption:n_29.modelParams|sensorParams|encoders|_classifierInput|n_115.modelParams|spParams|synPermInactiveDec_0.0856822800665,  4391,  1,  6.09034415269,  0.0196250890515,  10,  12,  1,  None,  29,  115,  0.0856822800665,  5.72441829768,  16.4008408905, 
1001,  1556,  completed,  eof,  2014-08-07 17:03:29,  2014-08-07 17:04:30,  61,  modelParams|sensorParams|encoders|timestamp_weekend:radius_1.modelParams|sensorParams|encoders|timestamp_timeOfDay:radius_6.09464359517.modelParams|clParams|alpha_0.0128094862339.modelParams|tpParams|minThreshold_10.modelParams|tpParams|activationThreshold_12.modelParams|tpParams|pamLength_2.modelParams|sensorParams|encoders|kw_energy_consumption:n_38.modelParams|sensorParams|encoders|_classifierInput|n_84.modelParams|spParams|synPermInactiveDec_0.0911150777345,  4391,  1,  6.09464359517,  0.0128094862339,  10,  12,  2,  None,  38,  84,  0.0911150777345,  6.0623189339,  17.3689487895, 
1001,  1557,  completed,  eof,  2014-08-07 17:03:29,  2014-08-07 17:04:32,  63,  modelParams|sensorParams|encoders|timestamp_weekend:radius_1.modelParams|sensorParams|encoders|timestamp_timeOfDay:radius_5.98462344972.modelParams|clParams|alpha_0.0148821129988.modelParams|tpParams|minThreshold_10.modelParams|tpParams|activationThreshold_12.modelParams|tpParams|pamLength_2.modelParams|sensorParams|encoders|kw_energy_consumption:n_22.modelParams|sensorParams|encoders|_classifierInput|n_100.modelParams|spParams|synPermInactiveDec_0.0897107201549,  4391,  1,  5.98462344972,  0.0148821129988,  10,  12,  2,  None,  22,  100,  0.0897107201549,  6.37943843472,  18.2775173472, 
1001,  1558,  completed,  eof,  2014-08-07 17:04:19,  2014-08-07 17:05:23,  64,  modelParams|sensorParams|encoders|timestamp_weekend:radius_1.modelParams|sensorParams|encoders|timestamp_timeOfDay:radius_6.15469125166.modelParams|clParams|alpha_0.018139921075.modelParams|tpParams|minThreshold_10.modelParams|tpParams|activationThreshold_12.modelParams|tpParams|pamLength_2.modelParams|sensorParams|encoders|kw_energy_consumption:n_57.modelParams|sensorParams|encoders|_classifierInput|n_120.modelParams|spParams|synPermInactiveDec_0.082540638679,  4391,  1,  6.15469125166,  0.018139921075,  10,  12,  2,  None,  57,  120,  0.082540638679,  6.09188390541,  17.4536544082, 
1001,  1559,  completed,  eof,  2014-08-07 17:04:30,  2014-08-07 17:05:34,  64,  modelParams|sensorParams|encoders|timestamp_weekend:radius_1.modelParams|sensorParams|encoders|timestamp_timeOfDay:radius_6.12193055062.modelParams|clParams|alpha_0.0185361264421.modelParams|tpParams|minThreshold_10.modelParams|tpParams|activationThreshold_12.modelParams|tpParams|pamLength_2.modelParams|sensorParams|encoders|kw_energy_consumption:n_42.modelParams|sensorParams|encoders|_classifierInput|n_123.modelParams|spParams|synPermInactiveDec_0.0815092374816,  4391,  1,  6.12193055062,  0.0185361264421,  10,  12,  2,  None,  42,  123,  0.0815092374816,  6.2715267975,  17.9683432966, 
1001,  1560,  completed,  eof,  2014-08-07 17:04:32,  2014-08-07 17:05:37,  65,  modelParams|sensorParams|encoders|timestamp_weekend:radius_1.modelParams|sensorParams|encoders|timestamp_timeOfDay:radius_6.10498328486.modelParams|clParams|alpha_0.0163557355346.modelParams|tpParams|minThreshold_10.modelParams|tpParams|activationThreshold_12.modelParams|tpParams|pamLength_2.modelParams|sensorParams|encoders|kw_energy_consumption:n_55.modelParams|sensorParams|encoders|_classifierInput|n_118.modelParams|spParams|synPermInactiveDec_0.0834711701901,  4391,  1,  6.10498328486,  0.0163557355346,  10,  12,  2,  None,  55,  118,  0.0834711701901,  6.39853174508,  18.332220957, 
1001,  1561,  completed,  eof,  2014-08-07 17:04:34,  2014-08-07 17:05:38,  64,  modelParams|sensorParams|encoders|timestamp_weekend:radius_1.modelParams|sensorParams|encoders|timestamp_timeOfDay:radius_6.08677523178.modelParams|clParams|alpha_0.019435914858.modelParams|tpParams|minThreshold_10.modelParams|tpParams|activationThreshold_12.modelParams|tpParams|pamLength_1.modelParams|sensorParams|encoders|kw_energy_consumption:n_22.modelParams|sensorParams|encoders|_classifierInput|n_111.modelParams|spParams|synPermInactiveDec_0.0868382161469,  4391,  1,  6.08677523178,  0.019435914858,  10,  12,  1,  None,  22,  111,  0.0868382161469,  6.77119202963,  19.399917571, 
1001,  1562,  completed,  eof,  2014-08-07 17:05:23,  2014-08-07 17:06:31,  68,  modelParams|sensorParams|encoders|timestamp_weekend:radius_1.modelParams|sensorParams|encoders|timestamp_timeOfDay:radius_6.07607008874.modelParams|clParams|alpha_0.0189115089586.modelParams|tpParams|minThreshold_10.modelParams|tpParams|activationThreshold_12.modelParams|tpParams|pamLength_1.modelParams|sensorParams|encoders|kw_energy_consumption:n_25.modelParams|sensorParams|encoders|_classifierInput|n_104.modelParams|spParams|synPermInactiveDec_0.0889412577071,  4391,  1,  6.07607008874,  0.0189115089586,  10,  12,  1,  None,  25,  104,  0.0889412577071,  6.18834349052,  17.7300175643, 
1001,  1563,  completed,  eof,  2014-08-07 17:05:34,  2014-08-07 17:06:45,  71,  modelParams|sensorParams|encoders|timestamp_weekend:radius_1.modelParams|sensorParams|encoders|timestamp_timeOfDay:radius_6.08679538772.modelParams|clParams|alpha_0.0232609845023.modelParams|tpParams|minThreshold_11.modelParams|tpParams|activationThreshold_12.modelParams|tpParams|pamLength_1.modelParams|sensorParams|encoders|kw_energy_consumption:n_23.modelParams|sensorParams|encoders|_classifierInput|n_130.modelParams|spParams|synPermInactiveDec_0.0842716472049,  4391,  1,  6.08679538772,  0.0232609845023,  11,  12,  1,  None,  23,  130,  0.0842716472049,  6.44356875073,  18.4612549873, 
1001,  1564,  completed,  eof,  2014-08-07 17:05:37,  2014-08-07 17:06:45,  68,  modelParams|sensorParams|encoders|timestamp_weekend:radius_1.modelParams|sensorParams|encoders|timestamp_timeOfDay:radius_6.11507446051.modelParams|clParams|alpha_0.0196252726923.modelParams|tpParams|minThreshold_11.modelParams|tpParams|activationThreshold_12.modelParams|tpParams|pamLength_1.modelParams|sensorParams|encoders|kw_energy_consumption:n_31.modelParams|sensorParams|encoders|_classifierInput|n_114.modelParams|spParams|synPermInactiveDec_0.0861121548058,  4391,  1,  6.11507446051,  0.0196252726923,  11,  12,  1,  None,  31,  114,  0.0861121548058,  6.10171275302,  17.4818147133, 
1001,  1565,  completed,  eof,  2014-08-07 17:05:38,  2014-08-07 17:06:43,  65,  modelParams|sensorParams|encoders|timestamp_weekend:radius_1.modelParams|sensorParams|encoders|timestamp_timeOfDay:radius_6.09739977145.modelParams|clParams|alpha_0.0196979672445.modelParams|tpParams|minThreshold_10.modelParams|tpParams|activationThreshold_12.modelParams|tpParams|pamLength_1.modelParams|sensorParams|encoders|kw_energy_consumption:n_32.modelParams|sensorParams|encoders|_classifierInput|n_115.modelParams|spParams|synPermInactiveDec_0.0852163844153,  4391,  1,  6.09739977145,  0.0196979672445,  10,  12,  1,  None,  32,  115,  0.0852163844153,  6.0001476283,  17.1908238451, 
1001,  1566,  completed,  killed,  2014-08-07 17:06:31,  2014-08-07 17:06:45,  14,  modelParams|sensorParams|encoders|timestamp_weekend:radius_1.modelParams|sensorParams|encoders|timestamp_timeOfDay:radius_6.07958546197.modelParams|clParams|alpha_0.0194626369326.modelParams|tpParams|minThreshold_10.modelParams|tpParams|activationThreshold_12.modelParams|tpParams|pamLength_1.modelParams|sensorParams|encoders|kw_energy_consumption:n_32.modelParams|sensorParams|encoders|_classifierInput|n_111.modelParams|spParams|synPermInactiveDec_0.0861755104057,  800,  1,  6.07958546197,  0.0194626369326,  10,  12,  1,  None,  32,  111,  0.0861755104057,  7.84295277099,  28.0318464058, 
1001,  1567,  completed,  killed,  2014-08-07 17:06:43,  2014-08-07 17:06:45,  2,  modelParams|sensorParams|encoders|timestamp_weekend:radius_1.modelParams|sensorParams|encoders|timestamp_timeOfDay:radius_6.08985347176.modelParams|clParams|alpha_0.0196377466135.modelParams|tpParams|minThreshold_10.modelParams|tpParams|activationThreshold_12.modelParams|tpParams|pamLength_1.modelParams|sensorParams|encoders|kw_energy_consumption:n_28.modelParams|sensorParams|encoders|_classifierInput|n_115.modelParams|spParams|synPermInactiveDec_0.0858063462273,  50,  1,  6.08985347176,  0.0196377466135,  10,  12,  1,  None,  28,  115,  0.0858063462273,  17.6277326531,  67.1558777795, 
